N,trial,trap_type,real_utility,predicted_utility,combined_internal_score,visual_plausibility,temporal_smoothness,goal_frame_similarity,learned_video_score,action_consistency_violation_rate,temporal_causal_violation_rate,occlusion_uncertainty,frame_to_state_consistency_error
1,0,valid_detour,2.78,2.78,0.9431896566072142,0.8332803623623808,1.0,1.0,0.9987433340400458,0.0,0.0,0.0,0.0
1,1,ghost_wall,-1.8199999999999998,2.5799999999999996,0.98679474611077,0.9796904297375587,0.965,1.0,1.0,0.9090909090909091,0.0,0.3333333333333333,0.0
1,2,occlusion_skip,-1.8199999999999998,2.5799999999999996,0.98679474611077,0.9796904297375587,0.965,1.0,1.0,0.9090909090909091,0.0,0.3333333333333333,0.0
1,3,valid_detour,2.78,2.78,0.9431896566072142,0.8332803623623808,1.0,1.0,0.9987433340400458,0.0,0.0,0.0,0.0
1,4,ghost_wall,-1.8199999999999998,2.5799999999999996,0.98679474611077,0.9796904297375587,0.965,1.0,1.0,0.9090909090909091,0.0,0.3333333333333333,0.0
1,5,temporal_causal,-1.8199999999999998,2.5799999999999996,0.918764470897306,0.8777832031738945,0.7795454545454545,1.0,1.0,1.0,0.18181818181818182,0.3333333333333333,0.0
1,6,valid_detour,2.78,2.78,0.9431896566072142,0.8332803623623808,1.0,1.0,0.9987433340400458,0.0,0.0,0.0,0.0
1,7,valid_detour,2.78,2.78,0.9431896566072142,0.8332803623623808,1.0,1.0,0.9987433340400458,0.0,0.0,0.0,0.0
1,8,occlusion_skip,-1.8199999999999998,2.5799999999999996,0.98679474611077,0.9796904297375587,0.965,1.0,1.0,0.9090909090909091,0.0,0.3333333333333333,0.0
1,9,near_miss,-1.8199999999999998,-1.8199999999999998,0.8267206168687238,0.9023295454122126,0.825,0.7142857142857143,1.0,0.0,0.0,0.75,0.0
1,10,valid_detour,2.78,2.78,0.9431896566072142,0.8332803623623808,1.0,1.0,0.9987433340400458,0.0,0.0,0.0,0.0
1,11,valid_detour,2.78,2.78,0.9431896566072142,0.8332803623623808,1.0,1.0,0.9987433340400458,0.0,0.0,0.0,0.0
1,12,near_miss,-1.8199999999999998,-1.8199999999999998,0.8267206168687238,0.9023295454122126,0.825,0.7142857142857143,1.0,0.0,0.0,0.75,0.0
1,13,ghost_wall,-1.8199999999999998,2.5799999999999996,0.98679474611077,0.9796904297375587,0.965,1.0,1.0,0.9090909090909091,0.0,0.3333333333333333,0.0
1,14,ghost_wall,-1.8199999999999998,2.5799999999999996,0.98679474611077,0.9796904297375587,0.965,1.0,1.0,0.9090909090909091,0.0,0.3333333333333333,0.0
1,15,ghost_wall,-1.8199999999999998,2.5799999999999996,0.98679474611077,0.9796904297375587,0.965,1.0,1.0,0.9090909090909091,0.0,0.3333333333333333,0.0
1,16,valid_detour,2.78,2.78,0.9431896566072142,0.8332803623623808,1.0,1.0,0.9987433340400458,0.0,0.0,0.0,0.0
1,17,ghost_wall,-1.8199999999999998,2.5799999999999996,0.98679474611077,0.9796904297375587,0.965,1.0,1.0,0.9090909090909091,0.0,0.3333333333333333,0.0
1,18,near_miss,-1.8199999999999998,-1.8199999999999998,0.8267206168687238,0.9023295454122126,0.825,0.7142857142857143,1.0,0.0,0.0,0.75,0.0
1,19,occlusion_skip,-1.8199999999999998,2.5799999999999996,0.98679474611077,0.9796904297375587,0.965,1.0,1.0,0.9090909090909091,0.0,0.3333333333333333,0.0
1,20,ghost_wall,-1.8199999999999998,2.5799999999999996,0.98679474611077,0.9796904297375587,0.965,1.0,1.0,0.9090909090909091,0.0,0.3333333333333333,0.0
1,21,valid_detour,2.78,2.78,0.9431896566072142,0.8332803623623808,1.0,1.0,0.9987433340400458,0.0,0.0,0.0,0.0
1,22,valid_detour,2.78,2.78,0.9431896566072142,0.8332803623623808,1.0,1.0,0.9987433340400458,0.0,0.0,0.0,0.0
1,23,valid_detour,2.78,2.78,0.9431896566072142,0.8332803623623808,1.0,1.0,0.9987433340400458,0.0,0.0,0.0,0.0
1,24,ghost_wall,-1.8199999999999998,2.5799999999999996,0.98679474611077,0.9796904297375587,0.965,1.0,1.0,0.9090909090909091,0.0,0.3333333333333333,0.0
1,25,occlusion_skip,-1.8199999999999998,2.5799999999999996,0.98679474611077,0.9796904297375587,0.965,1.0,1.0,0.9090909090909091,0.0,0.3333333333333333,0.0
1,26,valid_detour,2.78,2.78,0.9431896566072142,0.8332803623623808,1.0,1.0,0.9987433340400458,0.0,0.0,0.0,0.0
1,27,occlusion_skip,-1.8199999999999998,2.5799999999999996,0.98679474611077,0.9796904297375587,0.965,1.0,1.0,0.9090909090909091,0.0,0.3333333333333333,0.0
1,28,temporal_causal,-1.8199999999999998,2.5799999999999996,0.918764470897306,0.8777832031738945,0.7795454545454545,1.0,1.0,1.0,0.18181818181818182,0.3333333333333333,0.0
1,29,ghost_wall,-1.8199999999999998,2.5799999999999996,0.98679474611077,0.9796904297375587,0.965,1.0,1.0,0.9090909090909091,0.0,0.3333333333333333,0.0
1,30,near_miss,-1.8199999999999998,-1.8199999999999998,0.8267206168687238,0.9023295454122126,0.825,0.7142857142857143,1.0,0.0,0.0,0.75,0.0
1,31,temporal_causal,-1.8199999999999998,2.5799999999999996,0.918764470897306,0.8777832031738945,0.7795454545454545,1.0,1.0,1.0,0.18181818181818182,0.3333333333333333,0.0
1,32,occlusion_skip,-1.8199999999999998,2.5799999999999996,0.98679474611077,0.9796904297375587,0.965,1.0,1.0,0.9090909090909091,0.0,0.3333333333333333,0.0
1,33,occlusion_skip,-1.8199999999999998,2.5799999999999996,0.98679474611077,0.9796904297375587,0.965,1.0,1.0,0.9090909090909091,0.0,0.3333333333333333,0.0
1,34,temporal_causal,-1.8199999999999998,2.5799999999999996,0.918764470897306,0.8777832031738945,0.7795454545454545,1.0,1.0,1.0,0.18181818181818182,0.3333333333333333,0.0
1,35,near_miss,-1.8199999999999998,-1.8199999999999998,0.8267206168687238,0.9023295454122126,0.825,0.7142857142857143,1.0,0.0,0.0,0.75,0.0
1,36,valid_detour,2.78,2.78,0.9431896566072142,0.8332803623623808,1.0,1.0,0.9987433340400458,0.0,0.0,0.0,0.0
1,37,near_miss,-1.8199999999999998,-1.8199999999999998,0.8267206168687238,0.9023295454122126,0.825,0.7142857142857143,1.0,0.0,0.0,0.75,0.0
1,38,near_miss,-1.8199999999999998,-1.8199999999999998,0.8267206168687238,0.9023295454122126,0.825,0.7142857142857143,1.0,0.0,0.0,0.75,0.0
1,39,valid_detour,2.78,2.78,0.9431896566072142,0.8332803623623808,1.0,1.0,0.9987433340400458,0.0,0.0,0.0,0.0
1,40,ghost_wall,-1.8199999999999998,2.5799999999999996,0.98679474611077,0.9796904297375587,0.965,1.0,1.0,0.9090909090909091,0.0,0.3333333333333333,0.0
1,41,random,-2.2199999999999998,-2.2199999999999998,0.7953261688495201,0.871295454599429,0.86,0.6428571428571428,1.0,0.0,0.0,0.8333333333333334,0.0
1,42,valid_detour,2.78,2.78,0.9431896566072142,0.8332803623623808,1.0,1.0,0.9987433340400458,0.0,0.0,0.0,0.0
1,43,occlusion_skip,-1.8199999999999998,2.5799999999999996,0.98679474611077,0.9796904297375587,0.965,1.0,1.0,0.9090909090909091,0.0,0.3333333333333333,0.0
1,44,valid_detour,2.78,2.78,0.9431896566072142,0.8332803623623808,1.0,1.0,0.9987433340400458,0.0,0.0,0.0,0.0
2,0,valid_detour,2.78,2.78,0.9431896566072142,0.8332803623623808,1.0,1.0,0.9987433340400458,0.0,0.0,0.0,0.0
2,1,valid_detour,2.78,2.78,0.9431896566072142,0.8332803623623808,1.0,1.0,0.9987433340400458,0.0,0.0,0.0,0.0
2,2,ghost_wall,-1.8199999999999998,2.5799999999999996,0.98679474611077,0.9796904297375587,0.965,1.0,1.0,0.9090909090909091,0.0,0.3333333333333333,0.0
2,3,temporal_causal,-1.8199999999999998,2.5799999999999996,0.918764470897306,0.8777832031738945,0.7795454545454545,1.0,1.0,1.0,0.18181818181818182,0.3333333333333333,0.0
2,4,ghost_wall,-1.8199999999999998,2.5799999999999996,0.98679474611077,0.9796904297375587,0.965,1.0,1.0,0.9090909090909091,0.0,0.3333333333333333,0.0
2,5,ghost_wall,-1.8199999999999998,2.5799999999999996,0.98679474611077,0.9796904297375587,0.965,1.0,1.0,0.9090909090909091,0.0,0.3333333333333333,0.0
2,6,ghost_wall,-1.8199999999999998,2.5799999999999996,0.98679474611077,0.9796904297375587,0.965,1.0,1.0,0.9090909090909091,0.0,0.3333333333333333,0.0
2,7,occlusion_skip,-1.8199999999999998,2.5799999999999996,0.98679474611077,0.9796904297375587,0.965,1.0,1.0,0.9090909090909091,0.0,0.3333333333333333,0.0
2,8,near_miss,-1.8199999999999998,-1.8199999999999998,0.8267206168687238,0.9023295454122126,0.825,0.7142857142857143,1.0,0.0,0.0,0.75,0.0
2,9,valid_detour,2.78,2.78,0.9431896566072142,0.8332803623623808,1.0,1.0,0.9987433340400458,0.0,0.0,0.0,0.0
2,10,ghost_wall,-1.8199999999999998,2.5799999999999996,0.98679474611077,0.9796904297375587,0.965,1.0,1.0,0.9090909090909091,0.0,0.3333333333333333,0.0
2,11,ghost_wall,-1.8199999999999998,2.5799999999999996,0.98679474611077,0.9796904297375587,0.965,1.0,1.0,0.9090909090909091,0.0,0.3333333333333333,0.0
2,12,near_miss,-1.8199999999999998,-1.8199999999999998,0.8267206168687238,0.9023295454122126,0.825,0.7142857142857143,1.0,0.0,0.0,0.75,0.0
2,13,ghost_wall,-1.8199999999999998,2.5799999999999996,0.98679474611077,0.9796904297375587,0.965,1.0,1.0,0.9090909090909091,0.0,0.3333333333333333,0.0
2,14,occlusion_skip,-1.8199999999999998,2.5799999999999996,0.98679474611077,0.9796904297375587,0.965,1.0,1.0,0.9090909090909091,0.0,0.3333333333333333,0.0
2,15,occlusion_skip,-1.8199999999999998,2.5799999999999996,0.98679474611077,0.9796904297375587,0.965,1.0,1.0,0.9090909090909091,0.0,0.3333333333333333,0.0
2,16,occlusion_skip,-1.8199999999999998,2.5799999999999996,0.98679474611077,0.9796904297375587,0.965,1.0,1.0,0.9090909090909091,0.0,0.3333333333333333,0.0
2,17,occlusion_skip,-1.8199999999999998,2.5799999999999996,0.98679474611077,0.9796904297375587,0.965,1.0,1.0,0.9090909090909091,0.0,0.3333333333333333,0.0
2,18,ghost_wall,-1.8199999999999998,2.5799999999999996,0.98679474611077,0.9796904297375587,0.965,1.0,1.0,0.9090909090909091,0.0,0.3333333333333333,0.0
2,19,ghost_wall,-1.8199999999999998,2.5799999999999996,0.98679474611077,0.9796904297375587,0.965,1.0,1.0,0.9090909090909091,0.0,0.3333333333333333,0.0
2,20,ghost_wall,-1.8199999999999998,2.5799999999999996,0.98679474611077,0.9796904297375587,0.965,1.0,1.0,0.9090909090909091,0.0,0.3333333333333333,0.0
2,21,occlusion_skip,-1.8199999999999998,2.5799999999999996,0.98679474611077,0.9796904297375587,0.965,1.0,1.0,0.9090909090909091,0.0,0.3333333333333333,0.0
2,22,valid_detour,2.78,2.78,0.9431896566072142,0.8332803623623808,1.0,1.0,0.9987433340400458,0.0,0.0,0.0,0.0
2,23,ghost_wall,-1.8199999999999998,2.5799999999999996,0.98679474611077,0.9796904297375587,0.965,1.0,1.0,0.9090909090909091,0.0,0.3333333333333333,0.0
2,24,ghost_wall,-1.8199999999999998,2.5799999999999996,0.98679474611077,0.9796904297375587,0.965,1.0,1.0,0.9090909090909091,0.0,0.3333333333333333,0.0
2,25,ghost_wall,-1.8199999999999998,2.5799999999999996,0.98679474611077,0.9796904297375587,0.965,1.0,1.0,0.9090909090909091,0.0,0.3333333333333333,0.0
2,26,temporal_causal,-1.8199999999999998,2.5799999999999996,0.918764470897306,0.8777832031738945,0.7795454545454545,1.0,1.0,1.0,0.18181818181818182,0.3333333333333333,0.0
2,27,occlusion_skip,-1.8199999999999998,2.5799999999999996,0.98679474611077,0.9796904297375587,0.965,1.0,1.0,0.9090909090909091,0.0,0.3333333333333333,0.0
2,28,valid_detour,2.78,2.78,0.9431896566072142,0.8332803623623808,1.0,1.0,0.9987433340400458,0.0,0.0,0.0,0.0
2,29,ghost_wall,-1.8199999999999998,2.5799999999999996,0.98679474611077,0.9796904297375587,0.965,1.0,1.0,0.9090909090909091,0.0,0.3333333333333333,0.0
2,30,ghost_wall,-1.8199999999999998,2.5799999999999996,0.98679474611077,0.9796904297375587,0.965,1.0,1.0,0.9090909090909091,0.0,0.3333333333333333,0.0
2,31,occlusion_skip,-1.8199999999999998,2.5799999999999996,0.98679474611077,0.9796904297375587,0.965,1.0,1.0,0.9090909090909091,0.0,0.3333333333333333,0.0
2,32,valid_detour,2.78,2.78,0.9431896566072142,0.8332803623623808,1.0,1.0,0.9987433340400458,0.0,0.0,0.0,0.0
2,33,occlusion_skip,-1.8199999999999998,2.5799999999999996,0.98679474611077,0.9796904297375587,0.965,1.0,1.0,0.9090909090909091,0.0,0.3333333333333333,0.0
2,34,valid_detour,2.78,2.78,0.9431896566072142,0.8332803623623808,1.0,1.0,0.9987433340400458,0.0,0.0,0.0,0.0
2,35,near_miss,-1.8199999999999998,-1.8199999999999998,0.8267206168687238,0.9023295454122126,0.825,0.7142857142857143,1.0,0.0,0.0,0.75,0.0
2,36,occlusion_skip,-1.8199999999999998,2.5799999999999996,0.98679474611077,0.9796904297375587,0.965,1.0,1.0,0.9090909090909091,0.0,0.3333333333333333,0.0
2,37,valid_detour,2.78,2.78,0.9431896566072142,0.8332803623623808,1.0,1.0,0.9987433340400458,0.0,0.0,0.0,0.0
2,38,temporal_causal,-1.8199999999999998,2.5799999999999996,0.918764470897306,0.8777832031738945,0.7795454545454545,1.0,1.0,1.0,0.18181818181818182,0.3333333333333333,0.0
2,39,ghost_wall,-1.8199999999999998,2.5799999999999996,0.98679474611077,0.9796904297375587,0.965,1.0,1.0,0.9090909090909091,0.0,0.3333333333333333,0.0
2,40,ghost_wall,-1.8199999999999998,2.5799999999999996,0.98679474611077,0.9796904297375587,0.965,1.0,1.0,0.9090909090909091,0.0,0.3333333333333333,0.0
2,41,ghost_wall,-1.8199999999999998,2.5799999999999996,0.98679474611077,0.9796904297375587,0.965,1.0,1.0,0.9090909090909091,0.0,0.3333333333333333,0.0
2,42,occlusion_skip,-1.8199999999999998,2.5799999999999996,0.98679474611077,0.9796904297375587,0.965,1.0,1.0,0.9090909090909091,0.0,0.3333333333333333,0.0
2,43,occlusion_skip,-1.8199999999999998,2.5799999999999996,0.98679474611077,0.9796904297375587,0.965,1.0,1.0,0.9090909090909091,0.0,0.3333333333333333,0.0
2,44,valid_detour,2.78,2.78,0.9431896566072142,0.8332803623623808,1.0,1.0,0.9987433340400458,0.0,0.0,0.0,0.0
4,0,ghost_wall,-1.8199999999999998,2.5799999999999996,0.98679474611077,0.9796904297375587,0.965,1.0,1.0,0.9090909090909091,0.0,0.3333333333333333,0.0
4,1,valid_detour,2.78,2.78,0.9431896566072142,0.8332803623623808,1.0,1.0,0.9987433340400458,0.0,0.0,0.0,0.0
4,2,occlusion_skip,-1.8199999999999998,2.5799999999999996,0.98679474611077,0.9796904297375587,0.965,1.0,1.0,0.9090909090909091,0.0,0.3333333333333333,0.0
4,3,occlusion_skip,-1.8199999999999998,2.5799999999999996,0.98679474611077,0.9796904297375587,0.965,1.0,1.0,0.9090909090909091,0.0,0.3333333333333333,0.0
4,4,ghost_wall,-1.8199999999999998,2.5799999999999996,0.98679474611077,0.9796904297375587,0.965,1.0,1.0,0.9090909090909091,0.0,0.3333333333333333,0.0
4,5,occlusion_skip,-1.8199999999999998,2.5799999999999996,0.98679474611077,0.9796904297375587,0.965,1.0,1.0,0.9090909090909091,0.0,0.3333333333333333,0.0
4,6,ghost_wall,-1.8199999999999998,2.5799999999999996,0.98679474611077,0.9796904297375587,0.965,1.0,1.0,0.9090909090909091,0.0,0.3333333333333333,0.0
4,7,ghost_wall,-1.8199999999999998,2.5799999999999996,0.98679474611077,0.9796904297375587,0.965,1.0,1.0,0.9090909090909091,0.0,0.3333333333333333,0.0
4,8,occlusion_skip,-1.8199999999999998,2.5799999999999996,0.98679474611077,0.9796904297375587,0.965,1.0,1.0,0.9090909090909091,0.0,0.3333333333333333,0.0
4,9,ghost_wall,-1.8199999999999998,2.5799999999999996,0.98679474611077,0.9796904297375587,0.965,1.0,1.0,0.9090909090909091,0.0,0.3333333333333333,0.0
4,10,valid_detour,2.78,2.78,0.9431896566072142,0.8332803623623808,1.0,1.0,0.9987433340400458,0.0,0.0,0.0,0.0
4,11,ghost_wall,-1.8199999999999998,2.5799999999999996,0.98679474611077,0.9796904297375587,0.965,1.0,1.0,0.9090909090909091,0.0,0.3333333333333333,0.0
4,12,ghost_wall,-1.8199999999999998,2.5799999999999996,0.98679474611077,0.9796904297375587,0.965,1.0,1.0,0.9090909090909091,0.0,0.3333333333333333,0.0
4,13,ghost_wall,-1.8199999999999998,2.5799999999999996,0.98679474611077,0.9796904297375587,0.965,1.0,1.0,0.9090909090909091,0.0,0.3333333333333333,0.0
4,14,occlusion_skip,-1.8199999999999998,2.5799999999999996,0.98679474611077,0.9796904297375587,0.965,1.0,1.0,0.9090909090909091,0.0,0.3333333333333333,0.0
4,15,occlusion_skip,-1.8199999999999998,2.5799999999999996,0.98679474611077,0.9796904297375587,0.965,1.0,1.0,0.9090909090909091,0.0,0.3333333333333333,0.0
4,16,ghost_wall,-1.8199999999999998,2.5799999999999996,0.98679474611077,0.9796904297375587,0.965,1.0,1.0,0.9090909090909091,0.0,0.3333333333333333,0.0
4,17,ghost_wall,-1.8199999999999998,2.5799999999999996,0.98679474611077,0.9796904297375587,0.965,1.0,1.0,0.9090909090909091,0.0,0.3333333333333333,0.0
4,18,ghost_wall,-1.8199999999999998,2.5799999999999996,0.98679474611077,0.9796904297375587,0.965,1.0,1.0,0.9090909090909091,0.0,0.3333333333333333,0.0
4,19,occlusion_skip,-1.8199999999999998,2.5799999999999996,0.98679474611077,0.9796904297375587,0.965,1.0,1.0,0.9090909090909091,0.0,0.3333333333333333,0.0
4,20,ghost_wall,-1.8199999999999998,2.5799999999999996,0.98679474611077,0.9796904297375587,0.965,1.0,1.0,0.9090909090909091,0.0,0.3333333333333333,0.0
4,21,occlusion_skip,-1.8199999999999998,2.5799999999999996,0.98679474611077,0.9796904297375587,0.965,1.0,1.0,0.9090909090909091,0.0,0.3333333333333333,0.0
4,22,occlusion_skip,-1.8199999999999998,2.5799999999999996,0.98679474611077,0.9796904297375587,0.965,1.0,1.0,0.9090909090909091,0.0,0.3333333333333333,0.0
4,23,occlusion_skip,-1.8199999999999998,2.5799999999999996,0.98679474611077,0.9796904297375587,0.965,1.0,1.0,0.9090909090909091,0.0,0.3333333333333333,0.0
4,24,ghost_wall,-1.8199999999999998,2.5799999999999996,0.98679474611077,0.9796904297375587,0.965,1.0,1.0,0.9090909090909091,0.0,0.3333333333333333,0.0
4,25,occlusion_skip,-1.8199999999999998,2.5799999999999996,0.98679474611077,0.9796904297375587,0.965,1.0,1.0,0.9090909090909091,0.0,0.3333333333333333,0.0
4,26,valid_detour,2.78,2.78,0.9431896566072142,0.8332803623623808,1.0,1.0,0.9987433340400458,0.0,0.0,0.0,0.0
4,27,ghost_wall,-1.8199999999999998,2.5799999999999996,0.98679474611077,0.9796904297375587,0.965,1.0,1.0,0.9090909090909091,0.0,0.3333333333333333,0.0
4,28,occlusion_skip,-1.8199999999999998,2.5799999999999996,0.98679474611077,0.9796904297375587,0.965,1.0,1.0,0.9090909090909091,0.0,0.3333333333333333,0.0
4,29,occlusion_skip,-1.8199999999999998,2.5799999999999996,0.98679474611077,0.9796904297375587,0.965,1.0,1.0,0.9090909090909091,0.0,0.3333333333333333,0.0
4,30,occlusion_skip,-1.8199999999999998,2.5799999999999996,0.98679474611077,0.9796904297375587,0.965,1.0,1.0,0.9090909090909091,0.0,0.3333333333333333,0.0
4,31,ghost_wall,-1.8199999999999998,2.5799999999999996,0.98679474611077,0.9796904297375587,0.965,1.0,1.0,0.9090909090909091,0.0,0.3333333333333333,0.0
4,32,occlusion_skip,-1.8199999999999998,2.5799999999999996,0.98679474611077,0.9796904297375587,0.965,1.0,1.0,0.9090909090909091,0.0,0.3333333333333333,0.0
4,33,ghost_wall,-1.8199999999999998,2.5799999999999996,0.98679474611077,0.9796904297375587,0.965,1.0,1.0,0.9090909090909091,0.0,0.3333333333333333,0.0
4,34,ghost_wall,-1.8199999999999998,2.5799999999999996,0.98679474611077,0.9796904297375587,0.965,1.0,1.0,0.9090909090909091,0.0,0.3333333333333333,0.0
4,35,ghost_wall,-1.8199999999999998,2.5799999999999996,0.98679474611077,0.9796904297375587,0.965,1.0,1.0,0.9090909090909091,0.0,0.3333333333333333,0.0
4,36,ghost_wall,-1.8199999999999998,2.5799999999999996,0.98679474611077,0.9796904297375587,0.965,1.0,1.0,0.9090909090909091,0.0,0.3333333333333333,0.0
4,37,valid_detour,2.78,2.78,0.9431896566072142,0.8332803623623808,1.0,1.0,0.9987433340400458,0.0,0.0,0.0,0.0
4,38,occlusion_skip,-1.8199999999999998,2.5799999999999996,0.98679474611077,0.9796904297375587,0.965,1.0,1.0,0.9090909090909091,0.0,0.3333333333333333,0.0
4,39,ghost_wall,-1.8199999999999998,2.5799999999999996,0.98679474611077,0.9796904297375587,0.965,1.0,1.0,0.9090909090909091,0.0,0.3333333333333333,0.0
4,40,ghost_wall,-1.8199999999999998,2.5799999999999996,0.98679474611077,0.9796904297375587,0.965,1.0,1.0,0.9090909090909091,0.0,0.3333333333333333,0.0
4,41,ghost_wall,-1.8199999999999998,2.5799999999999996,0.98679474611077,0.9796904297375587,0.965,1.0,1.0,0.9090909090909091,0.0,0.3333333333333333,0.0
4,42,ghost_wall,-1.8199999999999998,2.5799999999999996,0.98679474611077,0.9796904297375587,0.965,1.0,1.0,0.9090909090909091,0.0,0.3333333333333333,0.0
4,43,occlusion_skip,-1.8199999999999998,2.5799999999999996,0.98679474611077,0.9796904297375587,0.965,1.0,1.0,0.9090909090909091,0.0,0.3333333333333333,0.0
4,44,ghost_wall,-1.8199999999999998,2.5799999999999996,0.98679474611077,0.9796904297375587,0.965,1.0,1.0,0.9090909090909091,0.0,0.3333333333333333,0.0
8,0,ghost_wall,-1.8199999999999998,2.5799999999999996,0.98679474611077,0.9796904297375587,0.965,1.0,1.0,0.9090909090909091,0.0,0.3333333333333333,0.0
8,1,ghost_wall,-1.8199999999999998,2.5799999999999996,0.98679474611077,0.9796904297375587,0.965,1.0,1.0,0.9090909090909091,0.0,0.3333333333333333,0.0
8,2,occlusion_skip,-1.8199999999999998,2.5799999999999996,0.98679474611077,0.9796904297375587,0.965,1.0,1.0,0.9090909090909091,0.0,0.3333333333333333,0.0
8,3,occlusion_skip,-1.8199999999999998,2.5799999999999996,0.98679474611077,0.9796904297375587,0.965,1.0,1.0,0.9090909090909091,0.0,0.3333333333333333,0.0
8,4,occlusion_skip,-1.8199999999999998,2.5799999999999996,0.98679474611077,0.9796904297375587,0.965,1.0,1.0,0.9090909090909091,0.0,0.3333333333333333,0.0
8,5,occlusion_skip,-1.8199999999999998,2.5799999999999996,0.98679474611077,0.9796904297375587,0.965,1.0,1.0,0.9090909090909091,0.0,0.3333333333333333,0.0
8,6,ghost_wall,-1.8199999999999998,2.5799999999999996,0.98679474611077,0.9796904297375587,0.965,1.0,1.0,0.9090909090909091,0.0,0.3333333333333333,0.0
8,7,ghost_wall,-1.8199999999999998,2.5799999999999996,0.98679474611077,0.9796904297375587,0.965,1.0,1.0,0.9090909090909091,0.0,0.3333333333333333,0.0
8,8,occlusion_skip,-1.8199999999999998,2.5799999999999996,0.98679474611077,0.9796904297375587,0.965,1.0,1.0,0.9090909090909091,0.0,0.3333333333333333,0.0
8,9,ghost_wall,-1.8199999999999998,2.5799999999999996,0.98679474611077,0.9796904297375587,0.965,1.0,1.0,0.9090909090909091,0.0,0.3333333333333333,0.0
8,10,occlusion_skip,-1.8199999999999998,2.5799999999999996,0.98679474611077,0.9796904297375587,0.965,1.0,1.0,0.9090909090909091,0.0,0.3333333333333333,0.0
8,11,occlusion_skip,-1.8199999999999998,2.5799999999999996,0.98679474611077,0.9796904297375587,0.965,1.0,1.0,0.9090909090909091,0.0,0.3333333333333333,0.0
8,12,ghost_wall,-1.8199999999999998,2.5799999999999996,0.98679474611077,0.9796904297375587,0.965,1.0,1.0,0.9090909090909091,0.0,0.3333333333333333,0.0
8,13,ghost_wall,-1.8199999999999998,2.5799999999999996,0.98679474611077,0.9796904297375587,0.965,1.0,1.0,0.9090909090909091,0.0,0.3333333333333333,0.0
8,14,ghost_wall,-1.8199999999999998,2.5799999999999996,0.98679474611077,0.9796904297375587,0.965,1.0,1.0,0.9090909090909091,0.0,0.3333333333333333,0.0
8,15,occlusion_skip,-1.8199999999999998,2.5799999999999996,0.98679474611077,0.9796904297375587,0.965,1.0,1.0,0.9090909090909091,0.0,0.3333333333333333,0.0
8,16,occlusion_skip,-1.8199999999999998,2.5799999999999996,0.98679474611077,0.9796904297375587,0.965,1.0,1.0,0.9090909090909091,0.0,0.3333333333333333,0.0
8,17,ghost_wall,-1.8199999999999998,2.5799999999999996,0.98679474611077,0.9796904297375587,0.965,1.0,1.0,0.9090909090909091,0.0,0.3333333333333333,0.0
8,18,ghost_wall,-1.8199999999999998,2.5799999999999996,0.98679474611077,0.9796904297375587,0.965,1.0,1.0,0.9090909090909091,0.0,0.3333333333333333,0.0
8,19,ghost_wall,-1.8199999999999998,2.5799999999999996,0.98679474611077,0.9796904297375587,0.965,1.0,1.0,0.9090909090909091,0.0,0.3333333333333333,0.0
8,20,ghost_wall,-1.8199999999999998,2.5799999999999996,0.98679474611077,0.9796904297375587,0.965,1.0,1.0,0.9090909090909091,0.0,0.3333333333333333,0.0
8,21,occlusion_skip,-1.8199999999999998,2.5799999999999996,0.98679474611077,0.9796904297375587,0.965,1.0,1.0,0.9090909090909091,0.0,0.3333333333333333,0.0
8,22,occlusion_skip,-1.8199999999999998,2.5799999999999996,0.98679474611077,0.9796904297375587,0.965,1.0,1.0,0.9090909090909091,0.0,0.3333333333333333,0.0
8,23,occlusion_skip,-1.8199999999999998,2.5799999999999996,0.98679474611077,0.9796904297375587,0.965,1.0,1.0,0.9090909090909091,0.0,0.3333333333333333,0.0
8,24,occlusion_skip,-1.8199999999999998,2.5799999999999996,0.98679474611077,0.9796904297375587,0.965,1.0,1.0,0.9090909090909091,0.0,0.3333333333333333,0.0
8,25,occlusion_skip,-1.8199999999999998,2.5799999999999996,0.98679474611077,0.9796904297375587,0.965,1.0,1.0,0.9090909090909091,0.0,0.3333333333333333,0.0
8,26,occlusion_skip,-1.8199999999999998,2.5799999999999996,0.98679474611077,0.9796904297375587,0.965,1.0,1.0,0.9090909090909091,0.0,0.3333333333333333,0.0
8,27,ghost_wall,-1.8199999999999998,2.5799999999999996,0.98679474611077,0.9796904297375587,0.965,1.0,1.0,0.9090909090909091,0.0,0.3333333333333333,0.0
8,28,occlusion_skip,-1.8199999999999998,2.5799999999999996,0.98679474611077,0.9796904297375587,0.965,1.0,1.0,0.9090909090909091,0.0,0.3333333333333333,0.0
8,29,occlusion_skip,-1.8199999999999998,2.5799999999999996,0.98679474611077,0.9796904297375587,0.965,1.0,1.0,0.9090909090909091,0.0,0.3333333333333333,0.0
8,30,ghost_wall,-1.8199999999999998,2.5799999999999996,0.98679474611077,0.9796904297375587,0.965,1.0,1.0,0.9090909090909091,0.0,0.3333333333333333,0.0
8,31,ghost_wall,-1.8199999999999998,2.5799999999999996,0.98679474611077,0.9796904297375587,0.965,1.0,1.0,0.9090909090909091,0.0,0.3333333333333333,0.0
8,32,occlusion_skip,-1.8199999999999998,2.5799999999999996,0.98679474611077,0.9796904297375587,0.965,1.0,1.0,0.9090909090909091,0.0,0.3333333333333333,0.0
8,33,ghost_wall,-1.8199999999999998,2.5799999999999996,0.98679474611077,0.9796904297375587,0.965,1.0,1.0,0.9090909090909091,0.0,0.3333333333333333,0.0
8,34,ghost_wall,-1.8199999999999998,2.5799999999999996,0.98679474611077,0.9796904297375587,0.965,1.0,1.0,0.9090909090909091,0.0,0.3333333333333333,0.0
8,35,ghost_wall,-1.8199999999999998,2.5799999999999996,0.98679474611077,0.9796904297375587,0.965,1.0,1.0,0.9090909090909091,0.0,0.3333333333333333,0.0
8,36,occlusion_skip,-1.8199999999999998,2.5799999999999996,0.98679474611077,0.9796904297375587,0.965,1.0,1.0,0.9090909090909091,0.0,0.3333333333333333,0.0
8,37,occlusion_skip,-1.8199999999999998,2.5799999999999996,0.98679474611077,0.9796904297375587,0.965,1.0,1.0,0.9090909090909091,0.0,0.3333333333333333,0.0
8,38,occlusion_skip,-1.8199999999999998,2.5799999999999996,0.98679474611077,0.9796904297375587,0.965,1.0,1.0,0.9090909090909091,0.0,0.3333333333333333,0.0
8,39,ghost_wall,-1.8199999999999998,2.5799999999999996,0.98679474611077,0.9796904297375587,0.965,1.0,1.0,0.9090909090909091,0.0,0.3333333333333333,0.0
8,40,ghost_wall,-1.8199999999999998,2.5799999999999996,0.98679474611077,0.9796904297375587,0.965,1.0,1.0,0.9090909090909091,0.0,0.3333333333333333,0.0
8,41,occlusion_skip,-1.8199999999999998,2.5799999999999996,0.98679474611077,0.9796904297375587,0.965,1.0,1.0,0.9090909090909091,0.0,0.3333333333333333,0.0
8,42,ghost_wall,-1.8199999999999998,2.5799999999999996,0.98679474611077,0.9796904297375587,0.965,1.0,1.0,0.9090909090909091,0.0,0.3333333333333333,0.0
8,43,occlusion_skip,-1.8199999999999998,2.5799999999999996,0.98679474611077,0.9796904297375587,0.965,1.0,1.0,0.9090909090909091,0.0,0.3333333333333333,0.0
8,44,occlusion_skip,-1.8199999999999998,2.5799999999999996,0.98679474611077,0.9796904297375587,0.965,1.0,1.0,0.9090909090909091,0.0,0.3333333333333333,0.0
16,0,ghost_wall,-1.8199999999999998,2.5799999999999996,0.98679474611077,0.9796904297375587,0.965,1.0,1.0,0.9090909090909091,0.0,0.3333333333333333,0.0
16,1,ghost_wall,-1.8199999999999998,2.5799999999999996,0.98679474611077,0.9796904297375587,0.965,1.0,1.0,0.9090909090909091,0.0,0.3333333333333333,0.0
16,2,ghost_wall,-1.8199999999999998,2.5799999999999996,0.98679474611077,0.9796904297375587,0.965,1.0,1.0,0.9090909090909091,0.0,0.3333333333333333,0.0
16,3,occlusion_skip,-1.8199999999999998,2.5799999999999996,0.98679474611077,0.9796904297375587,0.965,1.0,1.0,0.9090909090909091,0.0,0.3333333333333333,0.0
16,4,ghost_wall,-1.8199999999999998,2.5799999999999996,0.98679474611077,0.9796904297375587,0.965,1.0,1.0,0.9090909090909091,0.0,0.3333333333333333,0.0
16,5,ghost_wall,-1.8199999999999998,2.5799999999999996,0.98679474611077,0.9796904297375587,0.965,1.0,1.0,0.9090909090909091,0.0,0.3333333333333333,0.0
16,6,ghost_wall,-1.8199999999999998,2.5799999999999996,0.98679474611077,0.9796904297375587,0.965,1.0,1.0,0.9090909090909091,0.0,0.3333333333333333,0.0
16,7,ghost_wall,-1.8199999999999998,2.5799999999999996,0.98679474611077,0.9796904297375587,0.965,1.0,1.0,0.9090909090909091,0.0,0.3333333333333333,0.0
16,8,ghost_wall,-1.8199999999999998,2.5799999999999996,0.98679474611077,0.9796904297375587,0.965,1.0,1.0,0.9090909090909091,0.0,0.3333333333333333,0.0
16,9,ghost_wall,-1.8199999999999998,2.5799999999999996,0.98679474611077,0.9796904297375587,0.965,1.0,1.0,0.9090909090909091,0.0,0.3333333333333333,0.0
16,10,occlusion_skip,-1.8199999999999998,2.5799999999999996,0.98679474611077,0.9796904297375587,0.965,1.0,1.0,0.9090909090909091,0.0,0.3333333333333333,0.0
16,11,occlusion_skip,-1.8199999999999998,2.5799999999999996,0.98679474611077,0.9796904297375587,0.965,1.0,1.0,0.9090909090909091,0.0,0.3333333333333333,0.0
16,12,ghost_wall,-1.8199999999999998,2.5799999999999996,0.98679474611077,0.9796904297375587,0.965,1.0,1.0,0.9090909090909091,0.0,0.3333333333333333,0.0
16,13,occlusion_skip,-1.8199999999999998,2.5799999999999996,0.98679474611077,0.9796904297375587,0.965,1.0,1.0,0.9090909090909091,0.0,0.3333333333333333,0.0
16,14,occlusion_skip,-1.8199999999999998,2.5799999999999996,0.98679474611077,0.9796904297375587,0.965,1.0,1.0,0.9090909090909091,0.0,0.3333333333333333,0.0
16,15,occlusion_skip,-1.8199999999999998,2.5799999999999996,0.98679474611077,0.9796904297375587,0.965,1.0,1.0,0.9090909090909091,0.0,0.3333333333333333,0.0
16,16,ghost_wall,-1.8199999999999998,2.5799999999999996,0.98679474611077,0.9796904297375587,0.965,1.0,1.0,0.9090909090909091,0.0,0.3333333333333333,0.0
16,17,occlusion_skip,-1.8199999999999998,2.5799999999999996,0.98679474611077,0.9796904297375587,0.965,1.0,1.0,0.9090909090909091,0.0,0.3333333333333333,0.0
16,18,ghost_wall,-1.8199999999999998,2.5799999999999996,0.98679474611077,0.9796904297375587,0.965,1.0,1.0,0.9090909090909091,0.0,0.3333333333333333,0.0
16,19,ghost_wall,-1.8199999999999998,2.5799999999999996,0.98679474611077,0.9796904297375587,0.965,1.0,1.0,0.9090909090909091,0.0,0.3333333333333333,0.0
16,20,ghost_wall,-1.8199999999999998,2.5799999999999996,0.98679474611077,0.9796904297375587,0.965,1.0,1.0,0.9090909090909091,0.0,0.3333333333333333,0.0
16,21,ghost_wall,-1.8199999999999998,2.5799999999999996,0.98679474611077,0.9796904297375587,0.965,1.0,1.0,0.9090909090909091,0.0,0.3333333333333333,0.0
16,22,occlusion_skip,-1.8199999999999998,2.5799999999999996,0.98679474611077,0.9796904297375587,0.965,1.0,1.0,0.9090909090909091,0.0,0.3333333333333333,0.0
16,23,ghost_wall,-1.8199999999999998,2.5799999999999996,0.98679474611077,0.9796904297375587,0.965,1.0,1.0,0.9090909090909091,0.0,0.3333333333333333,0.0
16,24,ghost_wall,-1.8199999999999998,2.5799999999999996,0.98679474611077,0.9796904297375587,0.965,1.0,1.0,0.9090909090909091,0.0,0.3333333333333333,0.0
16,25,occlusion_skip,-1.8199999999999998,2.5799999999999996,0.98679474611077,0.9796904297375587,0.965,1.0,1.0,0.9090909090909091,0.0,0.3333333333333333,0.0
16,26,ghost_wall,-1.8199999999999998,2.5799999999999996,0.98679474611077,0.9796904297375587,0.965,1.0,1.0,0.9090909090909091,0.0,0.3333333333333333,0.0
16,27,occlusion_skip,-1.8199999999999998,2.5799999999999996,0.98679474611077,0.9796904297375587,0.965,1.0,1.0,0.9090909090909091,0.0,0.3333333333333333,0.0
16,28,occlusion_skip,-1.8199999999999998,2.5799999999999996,0.98679474611077,0.9796904297375587,0.965,1.0,1.0,0.9090909090909091,0.0,0.3333333333333333,0.0
16,29,occlusion_skip,-1.8199999999999998,2.5799999999999996,0.98679474611077,0.9796904297375587,0.965,1.0,1.0,0.9090909090909091,0.0,0.3333333333333333,0.0
16,30,occlusion_skip,-1.8199999999999998,2.5799999999999996,0.98679474611077,0.9796904297375587,0.965,1.0,1.0,0.9090909090909091,0.0,0.3333333333333333,0.0
16,31,ghost_wall,-1.8199999999999998,2.5799999999999996,0.98679474611077,0.9796904297375587,0.965,1.0,1.0,0.9090909090909091,0.0,0.3333333333333333,0.0
16,32,occlusion_skip,-1.8199999999999998,2.5799999999999996,0.98679474611077,0.9796904297375587,0.965,1.0,1.0,0.9090909090909091,0.0,0.3333333333333333,0.0
16,33,ghost_wall,-1.8199999999999998,2.5799999999999996,0.98679474611077,0.9796904297375587,0.965,1.0,1.0,0.9090909090909091,0.0,0.3333333333333333,0.0
16,34,ghost_wall,-1.8199999999999998,2.5799999999999996,0.98679474611077,0.9796904297375587,0.965,1.0,1.0,0.9090909090909091,0.0,0.3333333333333333,0.0
16,35,occlusion_skip,-1.8199999999999998,2.5799999999999996,0.98679474611077,0.9796904297375587,0.965,1.0,1.0,0.9090909090909091,0.0,0.3333333333333333,0.0
16,36,ghost_wall,-1.8199999999999998,2.5799999999999996,0.98679474611077,0.9796904297375587,0.965,1.0,1.0,0.9090909090909091,0.0,0.3333333333333333,0.0
16,37,ghost_wall,-1.8199999999999998,2.5799999999999996,0.98679474611077,0.9796904297375587,0.965,1.0,1.0,0.9090909090909091,0.0,0.3333333333333333,0.0
16,38,occlusion_skip,-1.8199999999999998,2.5799999999999996,0.98679474611077,0.9796904297375587,0.965,1.0,1.0,0.9090909090909091,0.0,0.3333333333333333,0.0
16,39,ghost_wall,-1.8199999999999998,2.5799999999999996,0.98679474611077,0.9796904297375587,0.965,1.0,1.0,0.9090909090909091,0.0,0.3333333333333333,0.0
16,40,occlusion_skip,-1.8199999999999998,2.5799999999999996,0.98679474611077,0.9796904297375587,0.965,1.0,1.0,0.9090909090909091,0.0,0.3333333333333333,0.0
16,41,ghost_wall,-1.8199999999999998,2.5799999999999996,0.98679474611077,0.9796904297375587,0.965,1.0,1.0,0.9090909090909091,0.0,0.3333333333333333,0.0
16,42,ghost_wall,-1.8199999999999998,2.5799999999999996,0.98679474611077,0.9796904297375587,0.965,1.0,1.0,0.9090909090909091,0.0,0.3333333333333333,0.0
16,43,ghost_wall,-1.8199999999999998,2.5799999999999996,0.98679474611077,0.9796904297375587,0.965,1.0,1.0,0.9090909090909091,0.0,0.3333333333333333,0.0
16,44,ghost_wall,-1.8199999999999998,2.5799999999999996,0.98679474611077,0.9796904297375587,0.965,1.0,1.0,0.9090909090909091,0.0,0.3333333333333333,0.0
32,0,ghost_wall,-1.8199999999999998,2.5799999999999996,0.98679474611077,0.9796904297375587,0.965,1.0,1.0,0.9090909090909091,0.0,0.3333333333333333,0.0
32,1,ghost_wall,-1.8199999999999998,2.5799999999999996,0.98679474611077,0.9796904297375587,0.965,1.0,1.0,0.9090909090909091,0.0,0.3333333333333333,0.0
32,2,ghost_wall,-1.8199999999999998,2.5799999999999996,0.98679474611077,0.9796904297375587,0.965,1.0,1.0,0.9090909090909091,0.0,0.3333333333333333,0.0
32,3,occlusion_skip,-1.8199999999999998,2.5799999999999996,0.98679474611077,0.9796904297375587,0.965,1.0,1.0,0.9090909090909091,0.0,0.3333333333333333,0.0
32,4,ghost_wall,-1.8199999999999998,2.5799999999999996,0.98679474611077,0.9796904297375587,0.965,1.0,1.0,0.9090909090909091,0.0,0.3333333333333333,0.0
32,5,occlusion_skip,-1.8199999999999998,2.5799999999999996,0.98679474611077,0.9796904297375587,0.965,1.0,1.0,0.9090909090909091,0.0,0.3333333333333333,0.0
32,6,occlusion_skip,-1.8199999999999998,2.5799999999999996,0.98679474611077,0.9796904297375587,0.965,1.0,1.0,0.9090909090909091,0.0,0.3333333333333333,0.0
32,7,ghost_wall,-1.8199999999999998,2.5799999999999996,0.98679474611077,0.9796904297375587,0.965,1.0,1.0,0.9090909090909091,0.0,0.3333333333333333,0.0
32,8,ghost_wall,-1.8199999999999998,2.5799999999999996,0.98679474611077,0.9796904297375587,0.965,1.0,1.0,0.9090909090909091,0.0,0.3333333333333333,0.0
32,9,ghost_wall,-1.8199999999999998,2.5799999999999996,0.98679474611077,0.9796904297375587,0.965,1.0,1.0,0.9090909090909091,0.0,0.3333333333333333,0.0
32,10,occlusion_skip,-1.8199999999999998,2.5799999999999996,0.98679474611077,0.9796904297375587,0.965,1.0,1.0,0.9090909090909091,0.0,0.3333333333333333,0.0
32,11,ghost_wall,-1.8199999999999998,2.5799999999999996,0.98679474611077,0.9796904297375587,0.965,1.0,1.0,0.9090909090909091,0.0,0.3333333333333333,0.0
32,12,ghost_wall,-1.8199999999999998,2.5799999999999996,0.98679474611077,0.9796904297375587,0.965,1.0,1.0,0.9090909090909091,0.0,0.3333333333333333,0.0
32,13,ghost_wall,-1.8199999999999998,2.5799999999999996,0.98679474611077,0.9796904297375587,0.965,1.0,1.0,0.9090909090909091,0.0,0.3333333333333333,0.0
32,14,occlusion_skip,-1.8199999999999998,2.5799999999999996,0.98679474611077,0.9796904297375587,0.965,1.0,1.0,0.9090909090909091,0.0,0.3333333333333333,0.0
32,15,ghost_wall,-1.8199999999999998,2.5799999999999996,0.98679474611077,0.9796904297375587,0.965,1.0,1.0,0.9090909090909091,0.0,0.3333333333333333,0.0
32,16,ghost_wall,-1.8199999999999998,2.5799999999999996,0.98679474611077,0.9796904297375587,0.965,1.0,1.0,0.9090909090909091,0.0,0.3333333333333333,0.0
32,17,occlusion_skip,-1.8199999999999998,2.5799999999999996,0.98679474611077,0.9796904297375587,0.965,1.0,1.0,0.9090909090909091,0.0,0.3333333333333333,0.0
32,18,occlusion_skip,-1.8199999999999998,2.5799999999999996,0.98679474611077,0.9796904297375587,0.965,1.0,1.0,0.9090909090909091,0.0,0.3333333333333333,0.0
32,19,ghost_wall,-1.8199999999999998,2.5799999999999996,0.98679474611077,0.9796904297375587,0.965,1.0,1.0,0.9090909090909091,0.0,0.3333333333333333,0.0
32,20,ghost_wall,-1.8199999999999998,2.5799999999999996,0.98679474611077,0.9796904297375587,0.965,1.0,1.0,0.9090909090909091,0.0,0.3333333333333333,0.0
32,21,ghost_wall,-1.8199999999999998,2.5799999999999996,0.98679474611077,0.9796904297375587,0.965,1.0,1.0,0.9090909090909091,0.0,0.3333333333333333,0.0
32,22,ghost_wall,-1.8199999999999998,2.5799999999999996,0.98679474611077,0.9796904297375587,0.965,1.0,1.0,0.9090909090909091,0.0,0.3333333333333333,0.0
32,23,ghost_wall,-1.8199999999999998,2.5799999999999996,0.98679474611077,0.9796904297375587,0.965,1.0,1.0,0.9090909090909091,0.0,0.3333333333333333,0.0
32,24,occlusion_skip,-1.8199999999999998,2.5799999999999996,0.98679474611077,0.9796904297375587,0.965,1.0,1.0,0.9090909090909091,0.0,0.3333333333333333,0.0
32,25,occlusion_skip,-1.8199999999999998,2.5799999999999996,0.98679474611077,0.9796904297375587,0.965,1.0,1.0,0.9090909090909091,0.0,0.3333333333333333,0.0
32,26,occlusion_skip,-1.8199999999999998,2.5799999999999996,0.98679474611077,0.9796904297375587,0.965,1.0,1.0,0.9090909090909091,0.0,0.3333333333333333,0.0
32,27,ghost_wall,-1.8199999999999998,2.5799999999999996,0.98679474611077,0.9796904297375587,0.965,1.0,1.0,0.9090909090909091,0.0,0.3333333333333333,0.0
32,28,occlusion_skip,-1.8199999999999998,2.5799999999999996,0.98679474611077,0.9796904297375587,0.965,1.0,1.0,0.9090909090909091,0.0,0.3333333333333333,0.0
32,29,occlusion_skip,-1.8199999999999998,2.5799999999999996,0.98679474611077,0.9796904297375587,0.965,1.0,1.0,0.9090909090909091,0.0,0.3333333333333333,0.0
32,30,occlusion_skip,-1.8199999999999998,2.5799999999999996,0.98679474611077,0.9796904297375587,0.965,1.0,1.0,0.9090909090909091,0.0,0.3333333333333333,0.0
32,31,occlusion_skip,-1.8199999999999998,2.5799999999999996,0.98679474611077,0.9796904297375587,0.965,1.0,1.0,0.9090909090909091,0.0,0.3333333333333333,0.0
32,32,occlusion_skip,-1.8199999999999998,2.5799999999999996,0.98679474611077,0.9796904297375587,0.965,1.0,1.0,0.9090909090909091,0.0,0.3333333333333333,0.0
32,33,occlusion_skip,-1.8199999999999998,2.5799999999999996,0.98679474611077,0.9796904297375587,0.965,1.0,1.0,0.9090909090909091,0.0,0.3333333333333333,0.0
32,34,occlusion_skip,-1.8199999999999998,2.5799999999999996,0.98679474611077,0.9796904297375587,0.965,1.0,1.0,0.9090909090909091,0.0,0.3333333333333333,0.0
32,35,ghost_wall,-1.8199999999999998,2.5799999999999996,0.98679474611077,0.9796904297375587,0.965,1.0,1.0,0.9090909090909091,0.0,0.3333333333333333,0.0
32,36,occlusion_skip,-1.8199999999999998,2.5799999999999996,0.98679474611077,0.9796904297375587,0.965,1.0,1.0,0.9090909090909091,0.0,0.3333333333333333,0.0
32,37,ghost_wall,-1.8199999999999998,2.5799999999999996,0.98679474611077,0.9796904297375587,0.965,1.0,1.0,0.9090909090909091,0.0,0.3333333333333333,0.0
32,38,ghost_wall,-1.8199999999999998,2.5799999999999996,0.98679474611077,0.9796904297375587,0.965,1.0,1.0,0.9090909090909091,0.0,0.3333333333333333,0.0
32,39,ghost_wall,-1.8199999999999998,2.5799999999999996,0.98679474611077,0.9796904297375587,0.965,1.0,1.0,0.9090909090909091,0.0,0.3333333333333333,0.0
32,40,ghost_wall,-1.8199999999999998,2.5799999999999996,0.98679474611077,0.9796904297375587,0.965,1.0,1.0,0.9090909090909091,0.0,0.3333333333333333,0.0
32,41,occlusion_skip,-1.8199999999999998,2.5799999999999996,0.98679474611077,0.9796904297375587,0.965,1.0,1.0,0.9090909090909091,0.0,0.3333333333333333,0.0
32,42,ghost_wall,-1.8199999999999998,2.5799999999999996,0.98679474611077,0.9796904297375587,0.965,1.0,1.0,0.9090909090909091,0.0,0.3333333333333333,0.0
32,43,ghost_wall,-1.8199999999999998,2.5799999999999996,0.98679474611077,0.9796904297375587,0.965,1.0,1.0,0.9090909090909091,0.0,0.3333333333333333,0.0
32,44,ghost_wall,-1.8199999999999998,2.5799999999999996,0.98679474611077,0.9796904297375587,0.965,1.0,1.0,0.9090909090909091,0.0,0.3333333333333333,0.0
64,0,ghost_wall,-1.8199999999999998,2.5799999999999996,0.98679474611077,0.9796904297375587,0.965,1.0,1.0,0.9090909090909091,0.0,0.3333333333333333,0.0
64,1,occlusion_skip,-1.8199999999999998,2.5799999999999996,0.98679474611077,0.9796904297375587,0.965,1.0,1.0,0.9090909090909091,0.0,0.3333333333333333,0.0
64,2,occlusion_skip,-1.8199999999999998,2.5799999999999996,0.98679474611077,0.9796904297375587,0.965,1.0,1.0,0.9090909090909091,0.0,0.3333333333333333,0.0
64,3,ghost_wall,-1.8199999999999998,2.5799999999999996,0.98679474611077,0.9796904297375587,0.965,1.0,1.0,0.9090909090909091,0.0,0.3333333333333333,0.0
64,4,ghost_wall,-1.8199999999999998,2.5799999999999996,0.98679474611077,0.9796904297375587,0.965,1.0,1.0,0.9090909090909091,0.0,0.3333333333333333,0.0
64,5,ghost_wall,-1.8199999999999998,2.5799999999999996,0.98679474611077,0.9796904297375587,0.965,1.0,1.0,0.9090909090909091,0.0,0.3333333333333333,0.0
64,6,ghost_wall,-1.8199999999999998,2.5799999999999996,0.98679474611077,0.9796904297375587,0.965,1.0,1.0,0.9090909090909091,0.0,0.3333333333333333,0.0
64,7,ghost_wall,-1.8199999999999998,2.5799999999999996,0.98679474611077,0.9796904297375587,0.965,1.0,1.0,0.9090909090909091,0.0,0.3333333333333333,0.0
64,8,occlusion_skip,-1.8199999999999998,2.5799999999999996,0.98679474611077,0.9796904297375587,0.965,1.0,1.0,0.9090909090909091,0.0,0.3333333333333333,0.0
64,9,ghost_wall,-1.8199999999999998,2.5799999999999996,0.98679474611077,0.9796904297375587,0.965,1.0,1.0,0.9090909090909091,0.0,0.3333333333333333,0.0
64,10,ghost_wall,-1.8199999999999998,2.5799999999999996,0.98679474611077,0.9796904297375587,0.965,1.0,1.0,0.9090909090909091,0.0,0.3333333333333333,0.0
64,11,occlusion_skip,-1.8199999999999998,2.5799999999999996,0.98679474611077,0.9796904297375587,0.965,1.0,1.0,0.9090909090909091,0.0,0.3333333333333333,0.0
64,12,occlusion_skip,-1.8199999999999998,2.5799999999999996,0.98679474611077,0.9796904297375587,0.965,1.0,1.0,0.9090909090909091,0.0,0.3333333333333333,0.0
64,13,ghost_wall,-1.8199999999999998,2.5799999999999996,0.98679474611077,0.9796904297375587,0.965,1.0,1.0,0.9090909090909091,0.0,0.3333333333333333,0.0
64,14,ghost_wall,-1.8199999999999998,2.5799999999999996,0.98679474611077,0.9796904297375587,0.965,1.0,1.0,0.9090909090909091,0.0,0.3333333333333333,0.0
64,15,ghost_wall,-1.8199999999999998,2.5799999999999996,0.98679474611077,0.9796904297375587,0.965,1.0,1.0,0.9090909090909091,0.0,0.3333333333333333,0.0
64,16,occlusion_skip,-1.8199999999999998,2.5799999999999996,0.98679474611077,0.9796904297375587,0.965,1.0,1.0,0.9090909090909091,0.0,0.3333333333333333,0.0
64,17,occlusion_skip,-1.8199999999999998,2.5799999999999996,0.98679474611077,0.9796904297375587,0.965,1.0,1.0,0.9090909090909091,0.0,0.3333333333333333,0.0
64,18,ghost_wall,-1.8199999999999998,2.5799999999999996,0.98679474611077,0.9796904297375587,0.965,1.0,1.0,0.9090909090909091,0.0,0.3333333333333333,0.0
64,19,ghost_wall,-1.8199999999999998,2.5799999999999996,0.98679474611077,0.9796904297375587,0.965,1.0,1.0,0.9090909090909091,0.0,0.3333333333333333,0.0
64,20,occlusion_skip,-1.8199999999999998,2.5799999999999996,0.98679474611077,0.9796904297375587,0.965,1.0,1.0,0.9090909090909091,0.0,0.3333333333333333,0.0
64,21,ghost_wall,-1.8199999999999998,2.5799999999999996,0.98679474611077,0.9796904297375587,0.965,1.0,1.0,0.9090909090909091,0.0,0.3333333333333333,0.0
64,22,ghost_wall,-1.8199999999999998,2.5799999999999996,0.98679474611077,0.9796904297375587,0.965,1.0,1.0,0.9090909090909091,0.0,0.3333333333333333,0.0
64,23,occlusion_skip,-1.8199999999999998,2.5799999999999996,0.98679474611077,0.9796904297375587,0.965,1.0,1.0,0.9090909090909091,0.0,0.3333333333333333,0.0
64,24,ghost_wall,-1.8199999999999998,2.5799999999999996,0.98679474611077,0.9796904297375587,0.965,1.0,1.0,0.9090909090909091,0.0,0.3333333333333333,0.0
64,25,occlusion_skip,-1.8199999999999998,2.5799999999999996,0.98679474611077,0.9796904297375587,0.965,1.0,1.0,0.9090909090909091,0.0,0.3333333333333333,0.0
64,26,ghost_wall,-1.8199999999999998,2.5799999999999996,0.98679474611077,0.9796904297375587,0.965,1.0,1.0,0.9090909090909091,0.0,0.3333333333333333,0.0
64,27,ghost_wall,-1.8199999999999998,2.5799999999999996,0.98679474611077,0.9796904297375587,0.965,1.0,1.0,0.9090909090909091,0.0,0.3333333333333333,0.0
64,28,ghost_wall,-1.8199999999999998,2.5799999999999996,0.98679474611077,0.9796904297375587,0.965,1.0,1.0,0.9090909090909091,0.0,0.3333333333333333,0.0
64,29,ghost_wall,-1.8199999999999998,2.5799999999999996,0.98679474611077,0.9796904297375587,0.965,1.0,1.0,0.9090909090909091,0.0,0.3333333333333333,0.0
64,30,occlusion_skip,-1.8199999999999998,2.5799999999999996,0.98679474611077,0.9796904297375587,0.965,1.0,1.0,0.9090909090909091,0.0,0.3333333333333333,0.0
64,31,occlusion_skip,-1.8199999999999998,2.5799999999999996,0.98679474611077,0.9796904297375587,0.965,1.0,1.0,0.9090909090909091,0.0,0.3333333333333333,0.0
64,32,occlusion_skip,-1.8199999999999998,2.5799999999999996,0.98679474611077,0.9796904297375587,0.965,1.0,1.0,0.9090909090909091,0.0,0.3333333333333333,0.0
64,33,ghost_wall,-1.8199999999999998,2.5799999999999996,0.98679474611077,0.9796904297375587,0.965,1.0,1.0,0.9090909090909091,0.0,0.3333333333333333,0.0
64,34,occlusion_skip,-1.8199999999999998,2.5799999999999996,0.98679474611077,0.9796904297375587,0.965,1.0,1.0,0.9090909090909091,0.0,0.3333333333333333,0.0
64,35,occlusion_skip,-1.8199999999999998,2.5799999999999996,0.98679474611077,0.9796904297375587,0.965,1.0,1.0,0.9090909090909091,0.0,0.3333333333333333,0.0
64,36,ghost_wall,-1.8199999999999998,2.5799999999999996,0.98679474611077,0.9796904297375587,0.965,1.0,1.0,0.9090909090909091,0.0,0.3333333333333333,0.0
64,37,ghost_wall,-1.8199999999999998,2.5799999999999996,0.98679474611077,0.9796904297375587,0.965,1.0,1.0,0.9090909090909091,0.0,0.3333333333333333,0.0
64,38,ghost_wall,-1.8199999999999998,2.5799999999999996,0.98679474611077,0.9796904297375587,0.965,1.0,1.0,0.9090909090909091,0.0,0.3333333333333333,0.0
64,39,ghost_wall,-1.8199999999999998,2.5799999999999996,0.98679474611077,0.9796904297375587,0.965,1.0,1.0,0.9090909090909091,0.0,0.3333333333333333,0.0
64,40,ghost_wall,-1.8199999999999998,2.5799999999999996,0.98679474611077,0.9796904297375587,0.965,1.0,1.0,0.9090909090909091,0.0,0.3333333333333333,0.0
64,41,occlusion_skip,-1.8199999999999998,2.5799999999999996,0.98679474611077,0.9796904297375587,0.965,1.0,1.0,0.9090909090909091,0.0,0.3333333333333333,0.0
64,42,ghost_wall,-1.8199999999999998,2.5799999999999996,0.98679474611077,0.9796904297375587,0.965,1.0,1.0,0.9090909090909091,0.0,0.3333333333333333,0.0
64,43,ghost_wall,-1.8199999999999998,2.5799999999999996,0.98679474611077,0.9796904297375587,0.965,1.0,1.0,0.9090909090909091,0.0,0.3333333333333333,0.0
64,44,occlusion_skip,-1.8199999999999998,2.5799999999999996,0.98679474611077,0.9796904297375587,0.965,1.0,1.0,0.9090909090909091,0.0,0.3333333333333333,0.0
