sequence,N,selector,candidate_kind,visual_score,future_mse,future_psnr,centroid_ade,speed_ratio,motion_collapse,boundary_violation,future_bounces
0,1,raw_visual,bounce,0.488428661949849,0.0,99.0,0.0,0.9999999999999999,0.0,0.0,3
0,1,motion_gate,bounce,0.488428661949849,0.0,99.0,0.0,0.9999999999999999,0.0,0.0,3
0,1,oracle,bounce,0.488428661949849,0.0,99.0,0.0,0.9999999999999999,0.0,0.0,3
0,1,persistence,persistence,0.9988800042731829,0.05358175188302994,12.709830910134613,14.098217329636267,0.0,1.0,0.0,3
0,1,constant_velocity_bounce,constant_velocity_bounce,0.488428661949849,0.0,99.0,0.0,0.9999999999999999,0.0,0.0,3
0,4,raw_visual,persistence,0.9988800042731829,0.05358175188302994,12.709830910134613,14.098217329636267,0.0,1.0,0.0,3
0,4,motion_gate,bounce,0.488428661949849,0.0,99.0,0.0,0.9999999999999999,0.0,0.0,3
0,4,oracle,bounce,0.488428661949849,0.0,99.0,0.0,0.9999999999999999,0.0,0.0,3
0,4,persistence,persistence,0.9988800042731829,0.05358175188302994,12.709830910134613,14.098217329636267,0.0,1.0,0.0,3
0,4,constant_velocity_bounce,constant_velocity_bounce,0.488428661949849,0.0,99.0,0.0,0.9999999999999999,0.0,0.0,3
0,16,raw_visual,persistence,0.9988800042731829,0.05358175188302994,12.709830910134613,14.098217329636267,0.0,1.0,0.0,3
0,16,motion_gate,bounce,0.488428661949849,0.0,99.0,0.0,0.9999999999999999,0.0,0.0,3
0,16,oracle,bounce,0.488428661949849,0.0,99.0,0.0,0.9999999999999999,0.0,0.0,3
0,16,persistence,persistence,0.9988800042731829,0.05358175188302994,12.709830910134613,14.098217329636267,0.0,1.0,0.0,3
0,16,constant_velocity_bounce,constant_velocity_bounce,0.488428661949849,0.0,99.0,0.0,0.9999999999999999,0.0,0.0,3
0,64,raw_visual,persistence,0.9988800042731829,0.05358175188302994,12.709830910134613,14.098217329636267,0.0,1.0,0.0,3
0,64,motion_gate,noisy_bounce,0.5019752961832074,0.017676467075943947,17.526045313332638,1.5526133923124603,1.2335416976135944,0.0,0.0,3
0,64,oracle,bounce,0.488428661949849,0.0,99.0,0.0,0.9999999999999999,0.0,0.0,3
0,64,persistence,persistence,0.9988800042731829,0.05358175188302994,12.709830910134613,14.098217329636267,0.0,1.0,0.0,3
0,64,constant_velocity_bounce,constant_velocity_bounce,0.488428661949849,0.0,99.0,0.0,0.9999999999999999,0.0,0.0,3
1,1,raw_visual,persistence,0.9911701926606724,0.05477042868733406,12.614538598414349,12.542432476004537,0.0,1.0,0.0,2
1,1,motion_gate,constant_velocity_bounce,0.4129395631960935,0.0,99.0,0.0,1.0,0.0,0.0,2
1,1,oracle,persistence,0.9911701926606724,0.05477042868733406,12.614538598414349,12.542432476004537,0.0,1.0,0.0,2
1,1,persistence,persistence,0.9911701926606724,0.05477042868733406,12.614538598414349,12.542432476004537,0.0,1.0,0.0,2
1,1,constant_velocity_bounce,constant_velocity_bounce,0.4129395631960935,0.0,99.0,0.0,1.0,0.0,0.0,2
1,4,raw_visual,persistence,0.9911701926606724,0.05477042868733406,12.614538598414349,12.542432476004537,0.0,1.0,0.0,2
1,4,motion_gate,bounce,0.4129395631960935,0.0,99.0,0.0,1.0,0.0,0.0,2
1,4,oracle,bounce,0.4129395631960935,0.0,99.0,0.0,1.0,0.0,0.0,2
1,4,persistence,persistence,0.9911701926606724,0.05477042868733406,12.614538598414349,12.542432476004537,0.0,1.0,0.0,2
1,4,constant_velocity_bounce,constant_velocity_bounce,0.4129395631960935,0.0,99.0,0.0,1.0,0.0,0.0,2
1,16,raw_visual,persistence,0.9911701926606724,0.05477042868733406,12.614538598414349,12.542432476004537,0.0,1.0,0.0,2
1,16,motion_gate,noisy_bounce,0.4492486713938524,0.021412204951047897,16.693386083353474,1.6735112246324468,1.1154080213447084,0.0,0.0,2
1,16,oracle,bounce,0.4129395631960935,0.0,99.0,0.0,1.0,0.0,0.0,2
1,16,persistence,persistence,0.9911701926606724,0.05477042868733406,12.614538598414349,12.542432476004537,0.0,1.0,0.0,2
1,16,constant_velocity_bounce,constant_velocity_bounce,0.4129395631960935,0.0,99.0,0.0,1.0,0.0,0.0,2
1,64,raw_visual,persistence,0.9911701926606724,0.05477042868733406,12.614538598414349,12.542432476004537,0.0,1.0,0.0,2
1,64,motion_gate,noisy_bounce,0.4734899685630496,0.021012738347053528,16.775173473312684,1.4088587709520461,1.0390157597863856,0.0,0.0,2
1,64,oracle,bounce,0.4129395631960935,0.0,99.0,0.0,1.0,0.0,0.0,2
1,64,persistence,persistence,0.9911701926606724,0.05477042868733406,12.614538598414349,12.542432476004537,0.0,1.0,0.0,2
1,64,constant_velocity_bounce,constant_velocity_bounce,0.4129395631960935,0.0,99.0,0.0,1.0,0.0,0.0,2
2,1,raw_visual,bounce,0.4935418655982461,0.0,99.0,0.0,1.0,0.0,0.0,1
2,1,motion_gate,bounce,0.4935418655982461,0.0,99.0,0.0,1.0,0.0,0.0,1
2,1,oracle,bounce,0.4935418655982461,0.0,99.0,0.0,1.0,0.0,0.0,1
2,1,persistence,persistence,0.9860055097548432,0.06093787029385567,12.15112727924123,14.049476552183629,0.0,1.0,0.0,1
2,1,constant_velocity_bounce,constant_velocity_bounce,0.4935418655982461,0.0,99.0,0.0,1.0,0.0,0.0,1
2,4,raw_visual,bounce,0.4935418655982461,0.0,99.0,0.0,1.0,0.0,0.0,1
2,4,motion_gate,bounce,0.4935418655982461,0.0,99.0,0.0,1.0,0.0,0.0,1
2,4,oracle,bounce,0.4935418655982461,0.0,99.0,0.0,1.0,0.0,0.0,1
2,4,persistence,persistence,0.9860055097548432,0.06093787029385567,12.15112727924123,14.049476552183629,0.0,1.0,0.0,1
2,4,constant_velocity_bounce,constant_velocity_bounce,0.4935418655982461,0.0,99.0,0.0,1.0,0.0,0.0,1
2,16,raw_visual,persistence,0.9860055097548432,0.06093787029385567,12.15112727924123,14.049476552183629,0.0,1.0,0.0,1
2,16,motion_gate,bounce,0.4935418655982461,0.0,99.0,0.0,1.0,0.0,0.0,1
2,16,oracle,bounce,0.4935418655982461,0.0,99.0,0.0,1.0,0.0,0.0,1
2,16,persistence,persistence,0.9860055097548432,0.06093787029385567,12.15112727924123,14.049476552183629,0.0,1.0,0.0,1
2,16,constant_velocity_bounce,constant_velocity_bounce,0.4935418655982461,0.0,99.0,0.0,1.0,0.0,0.0,1
2,64,raw_visual,persistence,0.9860055097548432,0.06093787029385567,12.15112727924123,14.049476552183629,0.0,1.0,0.0,1
2,64,motion_gate,noisy_bounce,0.5291176628872623,0.0196812953799963,17.05946320647046,1.3983645798136595,1.0319860154262355,0.0,0.0,1
2,64,oracle,bounce,0.4935418655982461,0.0,99.0,0.0,1.0,0.0,0.0,1
2,64,persistence,persistence,0.9860055097548432,0.06093787029385567,12.15112727924123,14.049476552183629,0.0,1.0,0.0,1
2,64,constant_velocity_bounce,constant_velocity_bounce,0.4935418655982461,0.0,99.0,0.0,1.0,0.0,0.0,1
3,1,raw_visual,persistence,0.987164507391384,0.04809112474322319,13.179350656364601,7.809110563941718,0.0,1.0,0.0,4
3,1,motion_gate,constant_velocity_bounce,0.4921680750494912,0.0,99.0,0.0,1.0,0.0,0.0,4
3,1,oracle,persistence,0.987164507391384,0.04809112474322319,13.179350656364601,7.809110563941718,0.0,1.0,0.0,4
3,1,persistence,persistence,0.987164507391384,0.04809112474322319,13.179350656364601,7.809110563941718,0.0,1.0,0.0,4
3,1,constant_velocity_bounce,constant_velocity_bounce,0.4921680750494912,0.0,99.0,0.0,1.0,0.0,0.0,4
3,4,raw_visual,persistence,0.987164507391384,0.04809112474322319,13.179350656364601,7.809110563941718,0.0,1.0,0.0,4
3,4,motion_gate,bounce,0.4921680750494912,0.0,99.0,0.0,1.0,0.0,0.0,4
3,4,oracle,bounce,0.4921680750494912,0.0,99.0,0.0,1.0,0.0,0.0,4
3,4,persistence,persistence,0.987164507391384,0.04809112474322319,13.179350656364601,7.809110563941718,0.0,1.0,0.0,4
3,4,constant_velocity_bounce,constant_velocity_bounce,0.4921680750494912,0.0,99.0,0.0,1.0,0.0,0.0,4
3,16,raw_visual,persistence,0.987164507391384,0.04809112474322319,13.179350656364601,7.809110563941718,0.0,1.0,0.0,4
3,16,motion_gate,bounce,0.4921680750494912,0.0,99.0,0.0,1.0,0.0,0.0,4
3,16,oracle,bounce,0.4921680750494912,0.0,99.0,0.0,1.0,0.0,0.0,4
3,16,persistence,persistence,0.987164507391384,0.04809112474322319,13.179350656364601,7.809110563941718,0.0,1.0,0.0,4
3,16,constant_velocity_bounce,constant_velocity_bounce,0.4921680750494912,0.0,99.0,0.0,1.0,0.0,0.0,4
3,64,raw_visual,persistence,0.987164507391384,0.04809112474322319,13.179350656364601,7.809110563941718,0.0,1.0,0.0,4
3,64,motion_gate,bounce,0.4921680750494912,0.0,99.0,0.0,1.0,0.0,0.0,4
3,64,oracle,bounce,0.4921680750494912,0.0,99.0,0.0,1.0,0.0,0.0,4
3,64,persistence,persistence,0.987164507391384,0.04809112474322319,13.179350656364601,7.809110563941718,0.0,1.0,0.0,4
3,64,constant_velocity_bounce,constant_velocity_bounce,0.4921680750494912,0.0,99.0,0.0,1.0,0.0,0.0,4
4,1,raw_visual,bounce,0.41991125736173085,0.0,99.0,0.0,1.0,0.0,0.0,3
4,1,motion_gate,bounce,0.41991125736173085,0.0,99.0,0.0,1.0,0.0,0.0,3
4,1,oracle,bounce,0.41991125736173085,0.0,99.0,0.0,1.0,0.0,0.0,3
4,1,persistence,persistence,0.9999112573617308,0.06624893844127655,11.788210763766564,14.685924076073201,0.0,1.0,0.0,3
4,1,constant_velocity_bounce,constant_velocity_bounce,0.41991125736173085,0.0,99.0,0.0,1.0,0.0,0.0,3
4,4,raw_visual,slow,0.7852205170297234,0.06406612694263458,11.933715300784403,11.592535887208424,0.28,1.0,0.025,3
4,4,motion_gate,bounce,0.41991125736173085,0.0,99.0,0.0,1.0,0.0,0.0,3
4,4,oracle,bounce,0.41991125736173085,0.0,99.0,0.0,1.0,0.0,0.0,3
4,4,persistence,persistence,0.9999112573617308,0.06624893844127655,11.788210763766564,14.685924076073201,0.0,1.0,0.0,3
4,4,constant_velocity_bounce,constant_velocity_bounce,0.41991125736173085,0.0,99.0,0.0,1.0,0.0,0.0,3
4,16,raw_visual,persistence,0.9999112573617308,0.06624893844127655,11.788210763766564,14.685924076073201,0.0,1.0,0.0,3
4,16,motion_gate,bounce,0.41991125736173085,0.0,99.0,0.0,1.0,0.0,0.0,3
4,16,oracle,bounce,0.41991125736173085,0.0,99.0,0.0,1.0,0.0,0.0,3
4,16,persistence,persistence,0.9999112573617308,0.06624893844127655,11.788210763766564,14.685924076073201,0.0,1.0,0.0,3
4,16,constant_velocity_bounce,constant_velocity_bounce,0.41991125736173085,0.0,99.0,0.0,1.0,0.0,0.0,3
4,64,raw_visual,persistence,0.9999112573617308,0.06624893844127655,11.788210763766564,14.685924076073201,0.0,1.0,0.0,3
4,64,motion_gate,noisy_bounce,0.4475172442549079,0.022367212921380997,16.50388128030049,1.394390789467289,1.0003511051342764,0.0,0.0,3
4,64,oracle,bounce,0.41991125736173085,0.0,99.0,0.0,1.0,0.0,0.0,3
4,64,persistence,persistence,0.9999112573617308,0.06624893844127655,11.788210763766564,14.685924076073201,0.0,1.0,0.0,3
4,64,constant_velocity_bounce,constant_velocity_bounce,0.41991125736173085,0.0,99.0,0.0,1.0,0.0,0.0,3
5,1,raw_visual,noisy_bounce,0.4034099301087987,0.03274913504719734,14.848001658764705,1.6851683991733974,1.2056201132379853,0.0,0.05,3
5,1,motion_gate,constant_velocity_bounce,0.4192272160566026,0.0,99.0,0.0,1.0,0.0,0.0,3
5,1,oracle,noisy_bounce,0.4034099301087987,0.03274913504719734,14.848001658764705,1.6851683991733974,1.2056201132379853,0.0,0.05,3
5,1,persistence,persistence,0.9966478463475031,0.07555347681045532,11.217455455558987,11.950883954621906,0.0,1.0,0.0,3
5,1,constant_velocity_bounce,constant_velocity_bounce,0.4192272160566026,0.0,99.0,0.0,1.0,0.0,0.0,3
5,4,raw_visual,slow,0.6212270696673914,0.07659076154232025,11.158236122624409,12.467927606856033,0.28,1.0,0.3,3
5,4,motion_gate,constant_velocity_bounce,0.4192272160566026,0.0,99.0,0.0,1.0,0.0,0.0,3
5,4,oracle,noisy_bounce,0.4122328063327261,0.030331511050462723,15.181059535359795,1.6384350350901191,1.2440678375829624,0.0,0.025,3
5,4,persistence,persistence,0.9966478463475031,0.07555347681045532,11.217455455558987,11.950883954621906,0.0,1.0,0.0,3
5,4,constant_velocity_bounce,constant_velocity_bounce,0.4192272160566026,0.0,99.0,0.0,1.0,0.0,0.0,3
5,16,raw_visual,persistence,0.9966478463475031,0.07555347681045532,11.217455455558987,11.950883954621906,0.0,1.0,0.0,3
5,16,motion_gate,bounce,0.4192272160566026,0.0,99.0,0.0,1.0,0.0,0.0,3
5,16,oracle,bounce,0.4192272160566026,0.0,99.0,0.0,1.0,0.0,0.0,3
5,16,persistence,persistence,0.9966478463475031,0.07555347681045532,11.217455455558987,11.950883954621906,0.0,1.0,0.0,3
5,16,constant_velocity_bounce,constant_velocity_bounce,0.4192272160566026,0.0,99.0,0.0,1.0,0.0,0.0,3
5,64,raw_visual,persistence,0.9966478463475031,0.07555347681045532,11.217455455558987,11.950883954621906,0.0,1.0,0.0,3
5,64,motion_gate,noisy_bounce,0.4199418330159044,0.03570904582738876,14.472217543279749,1.7104123209497586,1.2042105075729852,0.0,0.0,3
5,64,oracle,bounce,0.4192272160566026,0.0,99.0,0.0,1.0,0.0,0.0,3
5,64,persistence,persistence,0.9966478463475031,0.07555347681045532,11.217455455558987,11.950883954621906,0.0,1.0,0.0,3
5,64,constant_velocity_bounce,constant_velocity_bounce,0.4192272160566026,0.0,99.0,0.0,1.0,0.0,0.0,3
6,1,raw_visual,bounce,0.41106611575513974,0.0,99.0,0.0,0.9999999999999999,0.0,0.0,3
6,1,motion_gate,bounce,0.41106611575513974,0.0,99.0,0.0,0.9999999999999999,0.0,0.0,3
6,1,oracle,bounce,0.41106611575513974,0.0,99.0,0.0,0.9999999999999999,0.0,0.0,3
6,1,persistence,persistence,0.9995343458865632,0.0733240470290184,11.347535727078355,12.440139540264765,0.0,1.0,0.0,3
6,1,constant_velocity_bounce,constant_velocity_bounce,0.41106611575513974,0.0,99.0,0.0,0.9999999999999999,0.0,0.0,3
6,4,raw_visual,slow,0.6749788569127073,0.07450013607740402,11.27842933995174,13.706782384852668,0.28,1.0,0.15,3
6,4,motion_gate,bounce,0.41106611575513974,0.0,99.0,0.0,0.9999999999999999,0.0,0.0,3
6,4,oracle,bounce,0.41106611575513974,0.0,99.0,0.0,0.9999999999999999,0.0,0.0,3
6,4,persistence,persistence,0.9995343458865632,0.0733240470290184,11.347535727078355,12.440139540264765,0.0,1.0,0.0,3
6,4,constant_velocity_bounce,constant_velocity_bounce,0.41106611575513974,0.0,99.0,0.0,0.9999999999999999,0.0,0.0,3
6,16,raw_visual,persistence,0.9995343458865632,0.0733240470290184,11.347535727078355,12.440139540264765,0.0,1.0,0.0,3
6,16,motion_gate,bounce,0.41106611575513974,0.0,99.0,0.0,0.9999999999999999,0.0,0.0,3
6,16,oracle,bounce,0.41106611575513974,0.0,99.0,0.0,0.9999999999999999,0.0,0.0,3
6,16,persistence,persistence,0.9995343458865632,0.0733240470290184,11.347535727078355,12.440139540264765,0.0,1.0,0.0,3
6,16,constant_velocity_bounce,constant_velocity_bounce,0.41106611575513974,0.0,99.0,0.0,0.9999999999999999,0.0,0.0,3
6,64,raw_visual,persistence,0.9995343458865632,0.0733240470290184,11.347535727078355,12.440139540264765,0.0,1.0,0.0,3
6,64,motion_gate,noisy_bounce,0.4120418759381612,0.029939573258161545,15.237543941381382,1.9709843670008282,1.1053422034186597,0.0,0.0,3
6,64,oracle,bounce,0.41106611575513974,0.0,99.0,0.0,0.9999999999999999,0.0,0.0,3
6,64,persistence,persistence,0.9995343458865632,0.0733240470290184,11.347535727078355,12.440139540264765,0.0,1.0,0.0,3
6,64,constant_velocity_bounce,constant_velocity_bounce,0.41106611575513974,0.0,99.0,0.0,0.9999999999999999,0.0,0.0,3
7,1,raw_visual,slow,0.7624590321078412,0.06515194475650787,11.86072616261228,11.572321371882134,0.28,1.0,0.075,3
7,1,motion_gate,constant_velocity_bounce,0.41988421114231267,0.0,99.0,0.0,1.0,0.0,0.0,3
7,1,oracle,slow,0.7624590321078412,0.06515194475650787,11.86072616261228,11.572321371882134,0.28,1.0,0.075,3
7,1,persistence,persistence,0.9998842111423126,0.06550239026546478,11.83742851761484,11.58908521850493,0.0,1.0,0.0,3
7,1,constant_velocity_bounce,constant_velocity_bounce,0.41988421114231267,0.0,99.0,0.0,1.0,0.0,0.0,3
7,4,raw_visual,slow,0.7624590321078412,0.06515194475650787,11.86072616261228,11.572321371882134,0.28,1.0,0.075,3
7,4,motion_gate,bounce,0.41988421114231267,0.0,99.0,0.0,1.0,0.0,0.0,3
7,4,oracle,bounce,0.41988421114231267,0.0,99.0,0.0,1.0,0.0,0.0,3
7,4,persistence,persistence,0.9998842111423126,0.06550239026546478,11.83742851761484,11.58908521850493,0.0,1.0,0.0,3
7,4,constant_velocity_bounce,constant_velocity_bounce,0.41988421114231267,0.0,99.0,0.0,1.0,0.0,0.0,3
7,16,raw_visual,persistence,0.9998842111423126,0.06550239026546478,11.83742851761484,11.58908521850493,0.0,1.0,0.0,3
7,16,motion_gate,bounce,0.41988421114231267,0.0,99.0,0.0,1.0,0.0,0.0,3
7,16,oracle,bounce,0.41988421114231267,0.0,99.0,0.0,1.0,0.0,0.0,3
7,16,persistence,persistence,0.9998842111423126,0.06550239026546478,11.83742851761484,11.58908521850493,0.0,1.0,0.0,3
7,16,constant_velocity_bounce,constant_velocity_bounce,0.41988421114231267,0.0,99.0,0.0,1.0,0.0,0.0,3
7,64,raw_visual,persistence,0.9998842111423126,0.06550239026546478,11.83742851761484,11.58908521850493,0.0,1.0,0.0,3
7,64,motion_gate,bounce,0.41988421114231267,0.0,99.0,0.0,1.0,0.0,0.0,3
7,64,oracle,bounce,0.41988421114231267,0.0,99.0,0.0,1.0,0.0,0.0,3
7,64,persistence,persistence,0.9998842111423126,0.06550239026546478,11.83742851761484,11.58908521850493,0.0,1.0,0.0,3
7,64,constant_velocity_bounce,constant_velocity_bounce,0.41988421114231267,0.0,99.0,0.0,1.0,0.0,0.0,3
8,1,raw_visual,bounce,0.41705911745653856,0.0,99.0,0.0,1.0,0.0,0.0,3
8,1,motion_gate,bounce,0.41705911745653856,0.0,99.0,0.0,1.0,0.0,0.0,3
8,1,oracle,bounce,0.41705911745653856,0.0,99.0,0.0,1.0,0.0,0.0,3
8,1,persistence,persistence,0.9954464648785752,0.07025788724422455,11.533049142076838,12.732483341218527,0.0,1.0,0.0,3
8,1,constant_velocity_bounce,constant_velocity_bounce,0.41705911745653856,0.0,99.0,0.0,1.0,0.0,0.0,3
8,4,raw_visual,bounce,0.41705911745653856,0.0,99.0,0.0,1.0,0.0,0.0,3
8,4,motion_gate,bounce,0.41705911745653856,0.0,99.0,0.0,1.0,0.0,0.0,3
8,4,oracle,bounce,0.41705911745653856,0.0,99.0,0.0,1.0,0.0,0.0,3
8,4,persistence,persistence,0.9954464648785752,0.07025788724422455,11.533049142076838,12.732483341218527,0.0,1.0,0.0,3
8,4,constant_velocity_bounce,constant_velocity_bounce,0.41705911745653856,0.0,99.0,0.0,1.0,0.0,0.0,3
8,16,raw_visual,persistence,0.9954464648785752,0.07025788724422455,11.533049142076838,12.732483341218527,0.0,1.0,0.0,3
8,16,motion_gate,bounce,0.41705911745653856,0.0,99.0,0.0,1.0,0.0,0.0,3
8,16,oracle,bounce,0.41705911745653856,0.0,99.0,0.0,1.0,0.0,0.0,3
8,16,persistence,persistence,0.9954464648785752,0.07025788724422455,11.533049142076838,12.732483341218527,0.0,1.0,0.0,3
8,16,constant_velocity_bounce,constant_velocity_bounce,0.41705911745653856,0.0,99.0,0.0,1.0,0.0,0.0,3
8,64,raw_visual,persistence,0.9954464648785752,0.07025788724422455,11.533049142076838,12.732483341218527,0.0,1.0,0.0,3
8,64,motion_gate,noisy_bounce,0.4178993110617363,0.031617678701877594,15.000700181473803,1.792333970638272,1.2463309260242403,0.0,0.0,3
8,64,oracle,bounce,0.41705911745653856,0.0,99.0,0.0,1.0,0.0,0.0,3
8,64,persistence,persistence,0.9954464648785752,0.07025788724422455,11.533049142076838,12.732483341218527,0.0,1.0,0.0,3
8,64,constant_velocity_bounce,constant_velocity_bounce,0.41705911745653856,0.0,99.0,0.0,1.0,0.0,0.0,3
9,1,raw_visual,slow,0.7601969096050067,0.054211460053920746,12.659088958955337,12.784236477981874,0.28,1.0,0.2,3
9,1,motion_gate,constant_velocity_bounce,0.5231716126263599,0.0,99.0,0.0,1.0,0.0,0.0,3
9,1,oracle,slow,0.7601969096050067,0.054211460053920746,12.659088958955337,12.784236477981874,0.28,1.0,0.2,3
9,1,persistence,persistence,0.9964099150781526,0.05382523685693741,12.690140503956115,11.818284695885849,0.0,1.0,0.0,3
9,1,constant_velocity_bounce,constant_velocity_bounce,0.5231716126263599,0.0,99.0,0.0,1.0,0.0,0.0,3
9,4,raw_visual,slow,0.7601969096050067,0.054211460053920746,12.659088958955337,12.784236477981874,0.28,1.0,0.2,3
9,4,motion_gate,bounce,0.5231716126263599,0.0,99.0,0.0,1.0,0.0,0.0,3
9,4,oracle,bounce,0.5231716126263599,0.0,99.0,0.0,1.0,0.0,0.0,3
9,4,persistence,persistence,0.9964099150781526,0.05382523685693741,12.690140503956115,11.818284695885849,0.0,1.0,0.0,3
9,4,constant_velocity_bounce,constant_velocity_bounce,0.5231716126263599,0.0,99.0,0.0,1.0,0.0,0.0,3
9,16,raw_visual,slow,0.7601969096050067,0.054211460053920746,12.659088958955337,12.784236477981874,0.28,1.0,0.2,3
9,16,motion_gate,bounce,0.5231716126263599,0.0,99.0,0.0,1.0,0.0,0.0,3
9,16,oracle,bounce,0.5231716126263599,0.0,99.0,0.0,1.0,0.0,0.0,3
9,16,persistence,persistence,0.9964099150781526,0.05382523685693741,12.690140503956115,11.818284695885849,0.0,1.0,0.0,3
9,16,constant_velocity_bounce,constant_velocity_bounce,0.5231716126263599,0.0,99.0,0.0,1.0,0.0,0.0,3
9,64,raw_visual,persistence,0.9964099150781526,0.05382523685693741,12.690140503956115,11.818284695885849,0.0,1.0,0.0,3
9,64,motion_gate,bounce,0.5231716126263599,0.0,99.0,0.0,1.0,0.0,0.0,3
9,64,oracle,bounce,0.5231716126263599,0.0,99.0,0.0,1.0,0.0,0.0,3
9,64,persistence,persistence,0.9964099150781526,0.05382523685693741,12.690140503956115,11.818284695885849,0.0,1.0,0.0,3
9,64,constant_velocity_bounce,constant_velocity_bounce,0.5231716126263599,0.0,99.0,0.0,1.0,0.0,0.0,3
10,1,raw_visual,slow,0.7208500830300383,0.050490278750658035,12.967922316111402,17.69231086600899,0.27999999999999997,1.0,0.475,1
10,1,motion_gate,constant_velocity_bounce,0.48197773106226716,0.0,99.0,0.0,1.0,0.0,0.0,1
10,1,oracle,slow,0.7208500830300383,0.050490278750658035,12.967922316111402,17.69231086600899,0.27999999999999997,1.0,0.475,1
10,1,persistence,persistence,0.9974846539452795,0.04899997264146805,13.098041624544,15.386364527084448,0.0,1.0,0.0,1
10,1,constant_velocity_bounce,constant_velocity_bounce,0.48197773106226716,0.0,99.0,0.0,1.0,0.0,0.0,1
10,4,raw_visual,persistence,0.9974846539452795,0.04899997264146805,13.098041624544,15.386364527084448,0.0,1.0,0.0,1
10,4,motion_gate,noisy_bounce,0.5254325081277926,0.02039126679301262,16.90555793146551,1.7154581309944934,1.3340862195923213,0.0,0.0,1
10,4,oracle,noisy_bounce,0.5254325081277926,0.02039126679301262,16.90555793146551,1.7154581309944934,1.3340862195923213,0.0,0.0,1
10,4,persistence,persistence,0.9974846539452795,0.04899997264146805,13.098041624544,15.386364527084448,0.0,1.0,0.0,1
10,4,constant_velocity_bounce,constant_velocity_bounce,0.48197773106226716,0.0,99.0,0.0,1.0,0.0,0.0,1
10,16,raw_visual,persistence,0.9974846539452795,0.04899997264146805,13.098041624544,15.386364527084448,0.0,1.0,0.0,1
10,16,motion_gate,noisy_bounce,0.5272766877099636,0.018818065524101257,17.254250235968087,1.6846661329592223,1.1475424732591855,0.0,0.0,1
10,16,oracle,bounce,0.48197773106226716,0.0,99.0,0.0,1.0,0.0,0.0,1
10,16,persistence,persistence,0.9974846539452795,0.04899997264146805,13.098041624544,15.386364527084448,0.0,1.0,0.0,1
10,16,constant_velocity_bounce,constant_velocity_bounce,0.48197773106226716,0.0,99.0,0.0,1.0,0.0,0.0,1
10,64,raw_visual,persistence,0.9974846539452795,0.04899997264146805,13.098041624544,15.386364527084448,0.0,1.0,0.0,1
10,64,motion_gate,noisy_bounce,0.5510864396529981,0.02101491577923298,16.77472346162359,1.7774856855882046,1.251658684921864,0.0,0.0,1
10,64,oracle,bounce,0.48197773106226716,0.0,99.0,0.0,1.0,0.0,0.0,1
10,64,persistence,persistence,0.9974846539452795,0.04899997264146805,13.098041624544,15.386364527084448,0.0,1.0,0.0,1
10,64,constant_velocity_bounce,constant_velocity_bounce,0.48197773106226716,0.0,99.0,0.0,1.0,0.0,0.0,1
11,1,raw_visual,slow,0.6968389742113105,0.0717475637793541,11.441928410071558,15.906682408218956,0.28,1.0,0.45,3
11,1,motion_gate,constant_velocity_bounce,0.45579211383027896,0.0,99.0,6.394884621840902e-15,1.0000000000000002,0.0,0.0,3
11,1,oracle,slow,0.6968389742113105,0.0717475637793541,11.441928410071558,15.906682408218956,0.28,1.0,0.45,3
11,1,persistence,persistence,0.9988720867819538,0.06624393165111542,11.78853899597084,13.360370821229782,0.0,1.0,0.0,3
11,1,constant_velocity_bounce,constant_velocity_bounce,0.45579211383027896,0.0,99.0,6.394884621840902e-15,1.0000000000000002,0.0,0.0,3
11,4,raw_visual,slow,0.6968389742113105,0.0717475637793541,11.441928410071558,15.906682408218956,0.28,1.0,0.45,3
11,4,motion_gate,bounce,0.45579211383027896,0.0,99.0,6.394884621840902e-15,1.0000000000000002,0.0,0.0,3
11,4,oracle,bounce,0.45579211383027896,0.0,99.0,6.394884621840902e-15,1.0000000000000002,0.0,0.0,3
11,4,persistence,persistence,0.9988720867819538,0.06624393165111542,11.78853899597084,13.360370821229782,0.0,1.0,0.0,3
11,4,constant_velocity_bounce,constant_velocity_bounce,0.45579211383027896,0.0,99.0,6.394884621840902e-15,1.0000000000000002,0.0,0.0,3
11,16,raw_visual,persistence,0.9988720867819538,0.06624393165111542,11.78853899597084,13.360370821229782,0.0,1.0,0.0,3
11,16,motion_gate,noisy_bounce,0.5014111270078982,0.020743750035762787,16.831127294985855,1.5629846024171483,1.1433910131458254,0.0,0.0,3
11,16,oracle,bounce,0.45579211383027896,0.0,99.0,6.394884621840902e-15,1.0000000000000002,0.0,0.0,3
11,16,persistence,persistence,0.9988720867819538,0.06624393165111542,11.78853899597084,13.360370821229782,0.0,1.0,0.0,3
11,16,constant_velocity_bounce,constant_velocity_bounce,0.45579211383027896,0.0,99.0,6.394884621840902e-15,1.0000000000000002,0.0,0.0,3
11,64,raw_visual,persistence,0.9988720867819538,0.06624393165111542,11.78853899597084,13.360370821229782,0.0,1.0,0.0,3
11,64,motion_gate,noisy_bounce,0.5014111270078982,0.020743750035762787,16.831127294985855,1.5629846024171483,1.1433910131458254,0.0,0.0,3
11,64,oracle,bounce,0.45579211383027896,0.0,99.0,6.394884621840902e-15,1.0000000000000002,0.0,0.0,3
11,64,persistence,persistence,0.9988720867819538,0.06624393165111542,11.78853899597084,13.360370821229782,0.0,1.0,0.0,3
11,64,constant_velocity_bounce,constant_velocity_bounce,0.45579211383027896,0.0,99.0,6.394884621840902e-15,1.0000000000000002,0.0,0.0,3
12,1,raw_visual,linear,0.420764580688962,0.01492119301110506,18.26196451834772,10.8,1.0,0.0,0.2,1
12,1,motion_gate,constant_velocity_bounce,0.4957322106194191,0.0,99.0,0.0,1.0,0.0,0.0,1
12,1,oracle,linear,0.420764580688962,0.01492119301110506,18.26196451834772,10.8,1.0,0.0,0.2,1
12,1,persistence,persistence,0.9801601724725689,0.06314288079738617,11.996756079701276,12.5758637058553,0.0,1.0,0.0,1
12,1,constant_velocity_bounce,constant_velocity_bounce,0.4957322106194191,0.0,99.0,0.0,1.0,0.0,0.0,1
12,4,raw_visual,slow,0.7330782635102172,0.06315638870000839,11.995827110338803,11.57560894381145,0.28,1.0,0.05,1
12,4,motion_gate,bounce,0.4957322106194191,0.0,99.0,0.0,1.0,0.0,0.0,1
12,4,oracle,bounce,0.4957322106194191,0.0,99.0,0.0,1.0,0.0,0.0,1
12,4,persistence,persistence,0.9801601724725689,0.06314288079738617,11.996756079701276,12.5758637058553,0.0,1.0,0.0,1
12,4,constant_velocity_bounce,constant_velocity_bounce,0.4957322106194191,0.0,99.0,0.0,1.0,0.0,0.0,1
12,16,raw_visual,persistence,0.9801601724725689,0.06314288079738617,11.996756079701276,12.5758637058553,0.0,1.0,0.0,1
12,16,motion_gate,bounce,0.4957322106194191,0.0,99.0,0.0,1.0,0.0,0.0,1
12,16,oracle,bounce,0.4957322106194191,0.0,99.0,0.0,1.0,0.0,0.0,1
12,16,persistence,persistence,0.9801601724725689,0.06314288079738617,11.996756079701276,12.5758637058553,0.0,1.0,0.0,1
12,16,constant_velocity_bounce,constant_velocity_bounce,0.4957322106194191,0.0,99.0,0.0,1.0,0.0,0.0,1
12,64,raw_visual,persistence,0.9801601724725689,0.06314288079738617,11.996756079701276,12.5758637058553,0.0,1.0,0.0,1
12,64,motion_gate,bounce,0.4957322106194191,0.0,99.0,0.0,1.0,0.0,0.0,1
12,64,oracle,bounce,0.4957322106194191,0.0,99.0,0.0,1.0,0.0,0.0,1
12,64,persistence,persistence,0.9801601724725689,0.06314288079738617,11.996756079701276,12.5758637058553,0.0,1.0,0.0,1
12,64,constant_velocity_bounce,constant_velocity_bounce,0.4957322106194191,0.0,99.0,0.0,1.0,0.0,0.0,1
13,1,raw_visual,bounce,0.48125345940945097,0.0,99.0,0.0,1.0,0.0,0.0,1
13,1,motion_gate,bounce,0.48125345940945097,0.0,99.0,0.0,1.0,0.0,0.0,1
13,1,oracle,bounce,0.48125345940945097,0.0,99.0,0.0,1.0,0.0,0.0,1
13,1,persistence,persistence,0.997152864359234,0.05272578075528145,12.779769805747268,15.64220336133339,0.0,1.0,0.0,1
13,1,constant_velocity_bounce,constant_velocity_bounce,0.48125345940945097,0.0,99.0,0.0,1.0,0.0,0.0,1
13,4,raw_visual,slow,0.7776904043107227,0.047206319868564606,13.259998551729055,11.044627044609415,0.27999999999999997,1.0,0.0,1
13,4,motion_gate,bounce,0.48125345940945097,0.0,99.0,0.0,1.0,0.0,0.0,1
13,4,oracle,bounce,0.48125345940945097,0.0,99.0,0.0,1.0,0.0,0.0,1
13,4,persistence,persistence,0.997152864359234,0.05272578075528145,12.779769805747268,15.64220336133339,0.0,1.0,0.0,1
13,4,constant_velocity_bounce,constant_velocity_bounce,0.48125345940945097,0.0,99.0,0.0,1.0,0.0,0.0,1
13,16,raw_visual,persistence,0.997152864359234,0.05272578075528145,12.779769805747268,15.64220336133339,0.0,1.0,0.0,1
13,16,motion_gate,bounce,0.48125345940945097,0.0,99.0,0.0,1.0,0.0,0.0,1
13,16,oracle,bounce,0.48125345940945097,0.0,99.0,0.0,1.0,0.0,0.0,1
13,16,persistence,persistence,0.997152864359234,0.05272578075528145,12.779769805747268,15.64220336133339,0.0,1.0,0.0,1
13,16,constant_velocity_bounce,constant_velocity_bounce,0.48125345940945097,0.0,99.0,0.0,1.0,0.0,0.0,1
13,64,raw_visual,persistence,0.997152864359234,0.05272578075528145,12.779769805747268,15.64220336133339,0.0,1.0,0.0,1
13,64,motion_gate,noisy_bounce,0.5051761208194784,0.02343711256980896,16.30095894029424,1.6833885256657637,1.2584884018195852,0.0,0.0,1
13,64,oracle,bounce,0.48125345940945097,0.0,99.0,0.0,1.0,0.0,0.0,1
13,64,persistence,persistence,0.997152864359234,0.05272578075528145,12.779769805747268,15.64220336133339,0.0,1.0,0.0,1
13,64,constant_velocity_bounce,constant_velocity_bounce,0.48125345940945097,0.0,99.0,0.0,1.0,0.0,0.0,1
14,1,raw_visual,persistence,0.9927319688613963,0.10001280158758163,9.999444069698562,15.730543974767798,0.0,1.0,0.0,2
14,1,motion_gate,constant_velocity_bounce,0.4149297084527753,0.0,99.0,0.0,1.0,0.0,0.0,2
14,1,oracle,persistence,0.9927319688613963,0.10001280158758163,9.999444069698562,15.730543974767798,0.0,1.0,0.0,2
14,1,persistence,persistence,0.9927319688613963,0.10001280158758163,9.999444069698562,15.730543974767798,0.0,1.0,0.0,2
14,1,constant_velocity_bounce,constant_velocity_bounce,0.4149297084527753,0.0,99.0,0.0,1.0,0.0,0.0,2
14,4,raw_visual,persistence,0.9927319688613963,0.10001280158758163,9.999444069698562,15.730543974767798,0.0,1.0,0.0,2
14,4,motion_gate,constant_velocity_bounce,0.4149297084527753,0.0,99.0,0.0,1.0,0.0,0.0,2
14,4,oracle,slow,0.7008155735869672,0.08811980485916138,10.549264732630226,11.107689401349212,0.2800000000000001,1.0,0.0,2
14,4,persistence,persistence,0.9927319688613963,0.10001280158758163,9.999444069698562,15.730543974767798,0.0,1.0,0.0,2
14,4,constant_velocity_bounce,constant_velocity_bounce,0.4149297084527753,0.0,99.0,0.0,1.0,0.0,0.0,2
14,16,raw_visual,persistence,0.9927319688613963,0.10001280158758163,9.999444069698562,15.730543974767798,0.0,1.0,0.0,2
14,16,motion_gate,noisy_bounce,0.41614708193812366,0.03672877699136734,14.349935327149712,2.025438423714644,1.2252368130514377,0.0,0.0,2
14,16,oracle,bounce,0.4149297084527753,0.0,99.0,0.0,1.0,0.0,0.0,2
14,16,persistence,persistence,0.9927319688613963,0.10001280158758163,9.999444069698562,15.730543974767798,0.0,1.0,0.0,2
14,16,constant_velocity_bounce,constant_velocity_bounce,0.4149297084527753,0.0,99.0,0.0,1.0,0.0,0.0,2
14,64,raw_visual,persistence,0.9927319688613963,0.10001280158758163,9.999444069698562,15.730543974767798,0.0,1.0,0.0,2
14,64,motion_gate,noisy_bounce,0.41614708193812366,0.03672877699136734,14.349935327149712,2.025438423714644,1.2252368130514377,0.0,0.0,2
14,64,oracle,bounce,0.4149297084527753,0.0,99.0,0.0,1.0,0.0,0.0,2
14,64,persistence,persistence,0.9927319688613963,0.10001280158758163,9.999444069698562,15.730543974767798,0.0,1.0,0.0,2
14,64,constant_velocity_bounce,constant_velocity_bounce,0.4149297084527753,0.0,99.0,0.0,1.0,0.0,0.0,2
15,1,raw_visual,bounce,0.40393024382594456,0.0,99.0,0.0,1.0000000000000002,0.0,0.0,2
15,1,motion_gate,bounce,0.40393024382594456,0.0,99.0,0.0,1.0000000000000002,0.0,0.0,2
15,1,oracle,bounce,0.40393024382594456,0.0,99.0,0.0,1.0000000000000002,0.0,0.0,2
15,1,persistence,persistence,0.9983406131872928,0.08826429396867752,10.542149483873542,14.472229417778584,0.0,1.0,0.0,2
15,1,constant_velocity_bounce,constant_velocity_bounce,0.40393024382594456,0.0,99.0,0.0,1.0000000000000002,0.0,0.0,2
15,4,raw_visual,slow,0.724658887133367,0.08134130388498306,10.896888702211465,12.877824663842906,0.28,1.0,0.075,2
15,4,motion_gate,bounce,0.40393024382594456,0.0,99.0,0.0,1.0000000000000002,0.0,0.0,2
15,4,oracle,bounce,0.40393024382594456,0.0,99.0,0.0,1.0000000000000002,0.0,0.0,2
15,4,persistence,persistence,0.9983406131872928,0.08826429396867752,10.542149483873542,14.472229417778584,0.0,1.0,0.0,2
15,4,constant_velocity_bounce,constant_velocity_bounce,0.40393024382594456,0.0,99.0,0.0,1.0000000000000002,0.0,0.0,2
15,16,raw_visual,slow,0.724658887133367,0.08134130388498306,10.896888702211465,12.877824663842906,0.28,1.0,0.075,2
15,16,motion_gate,bounce,0.40393024382594456,0.0,99.0,0.0,1.0000000000000002,0.0,0.0,2
15,16,oracle,bounce,0.40393024382594456,0.0,99.0,0.0,1.0000000000000002,0.0,0.0,2
15,16,persistence,persistence,0.9983406131872928,0.08826429396867752,10.542149483873542,14.472229417778584,0.0,1.0,0.0,2
15,16,constant_velocity_bounce,constant_velocity_bounce,0.40393024382594456,0.0,99.0,0.0,1.0000000000000002,0.0,0.0,2
15,64,raw_visual,persistence,0.9983406131872928,0.08826429396867752,10.542149483873542,14.472229417778584,0.0,1.0,0.0,2
15,64,motion_gate,noisy_bounce,0.4467215356792118,0.022044219076633453,16.567052815832277,1.501516127050801,0.9928860315463733,0.0,0.0,2
15,64,oracle,bounce,0.40393024382594456,0.0,99.0,0.0,1.0000000000000002,0.0,0.0,2
15,64,persistence,persistence,0.9983406131872928,0.08826429396867752,10.542149483873542,14.472229417778584,0.0,1.0,0.0,2
15,64,constant_velocity_bounce,constant_velocity_bounce,0.40393024382594456,0.0,99.0,0.0,1.0000000000000002,0.0,0.0,2
16,1,raw_visual,persistence,0.9976985700168943,0.08800026029348373,10.555160432605533,12.605469507307712,0.0,1.0,0.0,2
16,1,motion_gate,constant_velocity_bounce,0.4146354183703843,0.0,99.0,0.0,1.0,0.0,0.0,2
16,1,oracle,persistence,0.9976985700168943,0.08800026029348373,10.555160432605533,12.605469507307712,0.0,1.0,0.0,2
16,1,persistence,persistence,0.9976985700168943,0.08800026029348373,10.555160432605533,12.605469507307712,0.0,1.0,0.0,2
16,1,constant_velocity_bounce,constant_velocity_bounce,0.4146354183703843,0.0,99.0,0.0,1.0,0.0,0.0,2
16,4,raw_visual,persistence,0.9976985700168943,0.08800026029348373,10.555160432605533,12.605469507307712,0.0,1.0,0.0,2
16,4,motion_gate,constant_velocity_bounce,0.4146354183703843,0.0,99.0,0.0,1.0,0.0,0.0,2
16,4,oracle,noisy_bounce,0.4044380416235075,0.03040761686861515,15.17017615415428,1.7274697270402986,1.241113960101057,0.0,0.025,2
16,4,persistence,persistence,0.9976985700168943,0.08800026029348373,10.555160432605533,12.605469507307712,0.0,1.0,0.0,2
16,4,constant_velocity_bounce,constant_velocity_bounce,0.4146354183703843,0.0,99.0,0.0,1.0,0.0,0.0,2
16,16,raw_visual,persistence,0.9976985700168943,0.08800026029348373,10.555160432605533,12.605469507307712,0.0,1.0,0.0,2
16,16,motion_gate,bounce,0.4146354183703843,0.0,99.0,0.0,1.0,0.0,0.0,2
16,16,oracle,bounce,0.4146354183703843,0.0,99.0,0.0,1.0,0.0,0.0,2
16,16,persistence,persistence,0.9976985700168943,0.08800026029348373,10.555160432605533,12.605469507307712,0.0,1.0,0.0,2
16,16,constant_velocity_bounce,constant_velocity_bounce,0.4146354183703843,0.0,99.0,0.0,1.0,0.0,0.0,2
16,64,raw_visual,persistence,0.9976985700168943,0.08800026029348373,10.555160432605533,12.605469507307712,0.0,1.0,0.0,2
16,64,motion_gate,noisy_bounce,0.4174306873979017,0.032618824392557144,14.865316953198292,2.1591201842794088,1.3392680950857512,0.0,0.0,2
16,64,oracle,bounce,0.4146354183703843,0.0,99.0,0.0,1.0,0.0,0.0,2
16,64,persistence,persistence,0.9976985700168943,0.08800026029348373,10.555160432605533,12.605469507307712,0.0,1.0,0.0,2
16,64,constant_velocity_bounce,constant_velocity_bounce,0.4146354183703843,0.0,99.0,0.0,1.0,0.0,0.0,2
17,1,raw_visual,persistence,0.9937042847897206,0.08740396797657013,10.584688507613462,13.14765074870427,0.0,1.0,0.0,3
17,1,motion_gate,constant_velocity_bounce,0.416702097550428,0.0,99.0,0.0,1.0,0.0,0.0,3
17,1,oracle,persistence,0.9937042847897206,0.08740396797657013,10.584688507613462,13.14765074870427,0.0,1.0,0.0,3
17,1,persistence,persistence,0.9937042847897206,0.08740396797657013,10.584688507613462,13.14765074870427,0.0,1.0,0.0,3
17,1,constant_velocity_bounce,constant_velocity_bounce,0.416702097550428,0.0,99.0,0.0,1.0,0.0,0.0,3
17,4,raw_visual,persistence,0.9937042847897206,0.08740396797657013,10.584688507613462,13.14765074870427,0.0,1.0,0.0,3
17,4,motion_gate,noisy_bounce,0.4179993975849662,0.02953837253153324,15.29613436581464,1.8941780628280036,1.2364370688467328,0.0,0.0,3
17,4,oracle,noisy_bounce,0.4179993975849662,0.02953837253153324,15.29613436581464,1.8941780628280036,1.2364370688467328,0.0,0.0,3
17,4,persistence,persistence,0.9937042847897206,0.08740396797657013,10.584688507613462,13.14765074870427,0.0,1.0,0.0,3
17,4,constant_velocity_bounce,constant_velocity_bounce,0.416702097550428,0.0,99.0,0.0,1.0,0.0,0.0,3
17,16,raw_visual,persistence,0.9937042847897206,0.08740396797657013,10.584688507613462,13.14765074870427,0.0,1.0,0.0,3
17,16,motion_gate,noisy_bounce,0.4179993975849662,0.02953837253153324,15.29613436581464,1.8941780628280036,1.2364370688467328,0.0,0.0,3
17,16,oracle,bounce,0.416702097550428,0.0,99.0,0.0,1.0,0.0,0.0,3
17,16,persistence,persistence,0.9937042847897206,0.08740396797657013,10.584688507613462,13.14765074870427,0.0,1.0,0.0,3
17,16,constant_velocity_bounce,constant_velocity_bounce,0.416702097550428,0.0,99.0,0.0,1.0,0.0,0.0,3
17,64,raw_visual,persistence,0.9937042847897206,0.08740396797657013,10.584688507613462,13.14765074870427,0.0,1.0,0.0,3
17,64,motion_gate,noisy_bounce,0.4179993975849662,0.02953837253153324,15.29613436581464,1.8941780628280036,1.2364370688467328,0.0,0.0,3
17,64,oracle,bounce,0.416702097550428,0.0,99.0,0.0,1.0,0.0,0.0,3
17,64,persistence,persistence,0.9937042847897206,0.08740396797657013,10.584688507613462,13.14765074870427,0.0,1.0,0.0,3
17,64,constant_velocity_bounce,constant_velocity_bounce,0.416702097550428,0.0,99.0,0.0,1.0,0.0,0.0,3
18,1,raw_visual,noisy_bounce,0.4037622109980267,0.03190579265356064,14.961304614853674,1.5856860243867845,1.1493232432679996,0.0,0.025,3
18,1,motion_gate,constant_velocity_bounce,0.411413294471382,0.0,99.0,0.0,1.0,0.0,0.0,3
18,1,oracle,noisy_bounce,0.4037622109980267,0.03190579265356064,14.961304614853674,1.5856860243867845,1.1493232432679996,0.0,0.025,3
18,1,persistence,persistence,0.9913001815925974,0.068537637591362,11.640708692483964,13.20304164780465,0.0,1.0,0.0,3
18,1,constant_velocity_bounce,constant_velocity_bounce,0.411413294471382,0.0,99.0,0.0,1.0,0.0,0.0,3
18,4,raw_visual,persistence,0.9913001815925974,0.068537637591362,11.640708692483964,13.20304164780465,0.0,1.0,0.0,3
18,4,motion_gate,bounce,0.411413294471382,0.0,99.0,0.0,1.0,0.0,0.0,3
18,4,oracle,bounce,0.411413294471382,0.0,99.0,0.0,1.0,0.0,0.0,3
18,4,persistence,persistence,0.9913001815925974,0.068537637591362,11.640708692483964,13.20304164780465,0.0,1.0,0.0,3
18,4,constant_velocity_bounce,constant_velocity_bounce,0.411413294471382,0.0,99.0,0.0,1.0,0.0,0.0,3
18,16,raw_visual,persistence,0.9913001815925974,0.068537637591362,11.640708692483964,13.20304164780465,0.0,1.0,0.0,3
18,16,motion_gate,noisy_bounce,0.4120683814382128,0.031332261860370636,15.040082524843788,1.4353742099859692,1.079151374375177,0.0,0.0,3
18,16,oracle,bounce,0.411413294471382,0.0,99.0,0.0,1.0,0.0,0.0,3
18,16,persistence,persistence,0.9913001815925974,0.068537637591362,11.640708692483964,13.20304164780465,0.0,1.0,0.0,3
18,16,constant_velocity_bounce,constant_velocity_bounce,0.411413294471382,0.0,99.0,0.0,1.0,0.0,0.0,3
18,64,raw_visual,persistence,0.9913001815925974,0.068537637591362,11.640708692483964,13.20304164780465,0.0,1.0,0.0,3
18,64,motion_gate,noisy_bounce,0.4120683814382128,0.031332261860370636,15.040082524843788,1.4353742099859692,1.079151374375177,0.0,0.0,3
18,64,oracle,bounce,0.411413294471382,0.0,99.0,0.0,1.0,0.0,0.0,3
18,64,persistence,persistence,0.9913001815925974,0.068537637591362,11.640708692483964,13.20304164780465,0.0,1.0,0.0,3
18,64,constant_velocity_bounce,constant_velocity_bounce,0.411413294471382,0.0,99.0,0.0,1.0,0.0,0.0,3
19,1,raw_visual,persistence,0.9959945787211527,0.05338020995259285,12.7261972239802,10.322836736730885,0.0,1.0,0.0,3
19,1,motion_gate,constant_velocity_bounce,0.5070865531385819,0.0,99.0,0.0,1.0,0.0,0.0,3
19,1,oracle,persistence,0.9959945787211527,0.05338020995259285,12.7261972239802,10.322836736730885,0.0,1.0,0.0,3
19,1,persistence,persistence,0.9959945787211527,0.05338020995259285,12.7261972239802,10.322836736730885,0.0,1.0,0.0,3
19,1,constant_velocity_bounce,constant_velocity_bounce,0.5070865531385819,0.0,99.0,0.0,1.0,0.0,0.0,3
19,4,raw_visual,persistence,0.9959945787211527,0.05338020995259285,12.7261972239802,10.322836736730885,0.0,1.0,0.0,3
19,4,motion_gate,bounce,0.5070865531385819,0.0,99.0,0.0,1.0,0.0,0.0,3
19,4,oracle,bounce,0.5070865531385819,0.0,99.0,0.0,1.0,0.0,0.0,3
19,4,persistence,persistence,0.9959945787211527,0.05338020995259285,12.7261972239802,10.322836736730885,0.0,1.0,0.0,3
19,4,constant_velocity_bounce,constant_velocity_bounce,0.5070865531385819,0.0,99.0,0.0,1.0,0.0,0.0,3
19,16,raw_visual,persistence,0.9959945787211527,0.05338020995259285,12.7261972239802,10.322836736730885,0.0,1.0,0.0,3
19,16,motion_gate,bounce,0.5070865531385819,0.0,99.0,0.0,1.0,0.0,0.0,3
19,16,oracle,bounce,0.5070865531385819,0.0,99.0,0.0,1.0,0.0,0.0,3
19,16,persistence,persistence,0.9959945787211527,0.05338020995259285,12.7261972239802,10.322836736730885,0.0,1.0,0.0,3
19,16,constant_velocity_bounce,constant_velocity_bounce,0.5070865531385819,0.0,99.0,0.0,1.0,0.0,0.0,3
19,64,raw_visual,persistence,0.9959945787211527,0.05338020995259285,12.7261972239802,10.322836736730885,0.0,1.0,0.0,3
19,64,motion_gate,bounce,0.5070865531385819,0.0,99.0,0.0,1.0,0.0,0.0,3
19,64,oracle,bounce,0.5070865531385819,0.0,99.0,0.0,1.0,0.0,0.0,3
19,64,persistence,persistence,0.9959945787211527,0.05338020995259285,12.7261972239802,10.322836736730885,0.0,1.0,0.0,3
19,64,constant_velocity_bounce,constant_velocity_bounce,0.5070865531385819,0.0,99.0,0.0,1.0,0.0,0.0,3
20,1,raw_visual,persistence,1.0,0.0754815861582756,11.221589822147283,13.422974156084603,0.0,1.0,0.0,2
20,1,motion_gate,constant_velocity_bounce,0.4184909785805928,0.0,99.0,0.0,1.0,0.0,0.0,2
20,1,oracle,persistence,1.0,0.0754815861582756,11.221589822147283,13.422974156084603,0.0,1.0,0.0,2
20,1,persistence,persistence,1.0,0.0754815861582756,11.221589822147283,13.422974156084603,0.0,1.0,0.0,2
20,1,constant_velocity_bounce,constant_velocity_bounce,0.4184909785805928,0.0,99.0,0.0,1.0,0.0,0.0,2
20,4,raw_visual,persistence,1.0,0.0754815861582756,11.221589822147283,13.422974156084603,0.0,1.0,0.0,2
20,4,motion_gate,constant_velocity_bounce,0.4184909785805928,0.0,99.0,0.0,1.0,0.0,0.0,2
20,4,oracle,linear,0.26295219883669113,0.05125206708908081,12.90288614032643,18.0,1.0,0.0,0.35,2
20,4,persistence,persistence,1.0,0.0754815861582756,11.221589822147283,13.422974156084603,0.0,1.0,0.0,2
20,4,constant_velocity_bounce,constant_velocity_bounce,0.4184909785805928,0.0,99.0,0.0,1.0,0.0,0.0,2
20,16,raw_visual,persistence,1.0,0.0754815861582756,11.221589822147283,13.422974156084603,0.0,1.0,0.0,2
20,16,motion_gate,noisy_bounce,0.4186264013895261,0.036073245108127594,14.428147872862914,1.7710829241568078,1.2697428190112094,0.0,0.0,2
20,16,oracle,bounce,0.4184909785805928,0.0,99.0,0.0,1.0,0.0,0.0,2
20,16,persistence,persistence,1.0,0.0754815861582756,11.221589822147283,13.422974156084603,0.0,1.0,0.0,2
20,16,constant_velocity_bounce,constant_velocity_bounce,0.4184909785805928,0.0,99.0,0.0,1.0,0.0,0.0,2
20,64,raw_visual,persistence,1.0,0.0754815861582756,11.221589822147283,13.422974156084603,0.0,1.0,0.0,2
20,64,motion_gate,noisy_bounce,0.4186264013895261,0.036073245108127594,14.428147872862914,1.7710829241568078,1.2697428190112094,0.0,0.0,2
20,64,oracle,bounce,0.4184909785805928,0.0,99.0,0.0,1.0,0.0,0.0,2
20,64,persistence,persistence,1.0,0.0754815861582756,11.221589822147283,13.422974156084603,0.0,1.0,0.0,2
20,64,constant_velocity_bounce,constant_velocity_bounce,0.4184909785805928,0.0,99.0,0.0,1.0,0.0,0.0,2
21,1,raw_visual,linear,0.3495770344637879,0.06060326099395752,12.175040063027293,25.5,1.0,0.0,0.475,1
21,1,motion_gate,constant_velocity_bounce,0.4129677195248863,0.0,99.0,0.0,1.0,0.0,0.0,1
21,1,oracle,linear,0.3495770344637879,0.06060326099395752,12.175040063027293,25.5,1.0,0.0,0.475,1
21,1,persistence,persistence,0.99256393316784,0.07054835557937622,11.515131048171604,15.386364527084448,0.0,1.0,0.0,1
21,1,constant_velocity_bounce,constant_velocity_bounce,0.4129677195248863,0.0,99.0,0.0,1.0,0.0,0.0,1
21,4,raw_visual,persistence,0.99256393316784,0.07054835557937622,11.515131048171604,15.386364527084448,0.0,1.0,0.0,1
21,4,motion_gate,bounce,0.4129677195248863,0.0,99.0,0.0,1.0,0.0,0.0,1
21,4,oracle,bounce,0.4129677195248863,0.0,99.0,0.0,1.0,0.0,0.0,1
21,4,persistence,persistence,0.99256393316784,0.07054835557937622,11.515131048171604,15.386364527084448,0.0,1.0,0.0,1
21,4,constant_velocity_bounce,constant_velocity_bounce,0.4129677195248863,0.0,99.0,0.0,1.0,0.0,0.0,1
21,16,raw_visual,persistence,0.99256393316784,0.07054835557937622,11.515131048171604,15.386364527084448,0.0,1.0,0.0,1
21,16,motion_gate,bounce,0.4129677195248863,0.0,99.0,0.0,1.0,0.0,0.0,1
21,16,oracle,bounce,0.4129677195248863,0.0,99.0,0.0,1.0,0.0,0.0,1
21,16,persistence,persistence,0.99256393316784,0.07054835557937622,11.515131048171604,15.386364527084448,0.0,1.0,0.0,1
21,16,constant_velocity_bounce,constant_velocity_bounce,0.4129677195248863,0.0,99.0,0.0,1.0,0.0,0.0,1
21,64,raw_visual,persistence,0.99256393316784,0.07054835557937622,11.515131048171604,15.386364527084448,0.0,1.0,0.0,1
21,64,motion_gate,noisy_bounce,0.4313383971688287,0.025768470019102097,15.889113665475403,1.6070465034724044,1.1801850465868975,0.0,0.0,1
21,64,oracle,bounce,0.4129677195248863,0.0,99.0,0.0,1.0,0.0,0.0,1
21,64,persistence,persistence,0.99256393316784,0.07054835557937622,11.515131048171604,15.386364527084448,0.0,1.0,0.0,1
21,64,constant_velocity_bounce,constant_velocity_bounce,0.4129677195248863,0.0,99.0,0.0,1.0,0.0,0.0,1
22,1,raw_visual,linear,0.3891050432121621,0.06281358748674393,12.019464019278168,23.729057297567802,1.0,0.0,0.725,3
22,1,motion_gate,constant_velocity_bounce,0.4142921372479972,0.0,99.0,0.0,1.0,0.0,0.0,3
22,1,oracle,linear,0.3891050432121621,0.06281358748674393,12.019464019278168,23.729057297567802,1.0,0.0,0.725,3
22,1,persistence,persistence,0.9929436164262161,0.08200951665639877,10.861357477193865,11.273807536160962,0.0,1.0,0.0,3
22,1,constant_velocity_bounce,constant_velocity_bounce,0.4142921372479972,0.0,99.0,0.0,1.0,0.0,0.0,3
22,4,raw_visual,persistence,0.9929436164262161,0.08200951665639877,10.861357477193865,11.273807536160962,0.0,1.0,0.0,3
22,4,motion_gate,constant_velocity_bounce,0.4142921372479972,0.0,99.0,0.0,1.0,0.0,0.0,3
22,4,oracle,linear,0.3891050432121621,0.06281358748674393,12.019464019278168,23.729057297567802,1.0,0.0,0.725,3
22,4,persistence,persistence,0.9929436164262161,0.08200951665639877,10.861357477193865,11.273807536160962,0.0,1.0,0.0,3
22,4,constant_velocity_bounce,constant_velocity_bounce,0.4142921372479972,0.0,99.0,0.0,1.0,0.0,0.0,3
22,16,raw_visual,persistence,0.9929436164262161,0.08200951665639877,10.861357477193865,11.273807536160962,0.0,1.0,0.0,3
22,16,motion_gate,noisy_bounce,0.4147812748476144,0.03273238614201546,14.850223341195088,1.4977841270322805,1.2860964877693608,0.0,0.0,3
22,16,oracle,bounce,0.4142921372479972,0.0,99.0,0.0,1.0,0.0,0.0,3
22,16,persistence,persistence,0.9929436164262161,0.08200951665639877,10.861357477193865,11.273807536160962,0.0,1.0,0.0,3
22,16,constant_velocity_bounce,constant_velocity_bounce,0.4142921372479972,0.0,99.0,0.0,1.0,0.0,0.0,3
22,64,raw_visual,persistence,0.9929436164262161,0.08200951665639877,10.861357477193865,11.273807536160962,0.0,1.0,0.0,3
22,64,motion_gate,noisy_bounce,0.4147812748476144,0.03273238614201546,14.850223341195088,1.4977841270322805,1.2860964877693608,0.0,0.0,3
22,64,oracle,bounce,0.4142921372479972,0.0,99.0,0.0,1.0,0.0,0.0,3
22,64,persistence,persistence,0.9929436164262161,0.08200951665639877,10.861357477193865,11.273807536160962,0.0,1.0,0.0,3
22,64,constant_velocity_bounce,constant_velocity_bounce,0.4142921372479972,0.0,99.0,0.0,1.0,0.0,0.0,3
23,1,raw_visual,slow,0.7867124184790627,0.04757678508758545,13.226049079459534,9.386149798548498,0.28,1.0,0.0,3
23,1,motion_gate,constant_velocity_bounce,0.49086226110228837,0.0,99.0,0.0,1.0,0.0,0.0,3
23,1,oracle,slow,0.7867124184790627,0.04757678508758545,13.226049079459534,9.386149798548498,0.28,1.0,0.0,3
23,1,persistence,persistence,0.9942489838928195,0.047665875405073166,13.217924265566152,11.447271462015548,0.0,1.0,0.0,3
23,1,constant_velocity_bounce,constant_velocity_bounce,0.49086226110228837,0.0,99.0,0.0,1.0,0.0,0.0,3
23,4,raw_visual,persistence,0.9942489838928195,0.047665875405073166,13.217924265566152,11.447271462015548,0.0,1.0,0.0,3
23,4,motion_gate,bounce,0.49086226110228837,0.0,99.0,0.0,1.0,0.0,0.0,3
23,4,oracle,bounce,0.49086226110228837,0.0,99.0,0.0,1.0,0.0,0.0,3
23,4,persistence,persistence,0.9942489838928195,0.047665875405073166,13.217924265566152,11.447271462015548,0.0,1.0,0.0,3
23,4,constant_velocity_bounce,constant_velocity_bounce,0.49086226110228837,0.0,99.0,0.0,1.0,0.0,0.0,3
23,16,raw_visual,persistence,0.9942489838928195,0.047665875405073166,13.217924265566152,11.447271462015548,0.0,1.0,0.0,3
23,16,motion_gate,noisy_bounce,0.5315698247379296,0.023922407999634743,16.21195106944558,1.756215906185309,1.2310434864488247,0.0,0.0,3
23,16,oracle,bounce,0.49086226110228837,0.0,99.0,0.0,1.0,0.0,0.0,3
23,16,persistence,persistence,0.9942489838928195,0.047665875405073166,13.217924265566152,11.447271462015548,0.0,1.0,0.0,3
23,16,constant_velocity_bounce,constant_velocity_bounce,0.49086226110228837,0.0,99.0,0.0,1.0,0.0,0.0,3
23,64,raw_visual,persistence,0.9942489838928195,0.047665875405073166,13.217924265566152,11.447271462015548,0.0,1.0,0.0,3
23,64,motion_gate,noisy_bounce,0.5629185686551424,0.022627171128988266,16.453697385713557,1.9180029890726455,1.2321957189391144,0.0,0.0,3
23,64,oracle,bounce,0.49086226110228837,0.0,99.0,0.0,1.0,0.0,0.0,3
23,64,persistence,persistence,0.9942489838928195,0.047665875405073166,13.217924265566152,11.447271462015548,0.0,1.0,0.0,3
23,64,constant_velocity_bounce,constant_velocity_bounce,0.49086226110228837,0.0,99.0,0.0,1.0,0.0,0.0,3
24,1,raw_visual,linear,0.3670155865689033,0.06071966886520386,12.166706055316613,27.779980412439368,1.0,0.0,0.7,2
24,1,motion_gate,constant_velocity_bounce,0.41409399675259684,0.0,99.0,0.0,1.0,0.0,0.0,2
24,1,oracle,linear,0.3670155865689033,0.06071966886520386,12.166706055316613,27.779980412439368,1.0,0.0,0.7,2
24,1,persistence,persistence,0.998866919774769,0.08106552809476852,10.911637837772513,14.602053349885768,0.0,1.0,0.0,2
24,1,constant_velocity_bounce,constant_velocity_bounce,0.41409399675259684,0.0,99.0,0.0,1.0,0.0,0.0,2
24,4,raw_visual,persistence,0.998866919774769,0.08106552809476852,10.911637837772513,14.602053349885768,0.0,1.0,0.0,2
24,4,motion_gate,constant_velocity_bounce,0.41409399675259684,0.0,99.0,0.0,1.0,0.0,0.0,2
24,4,oracle,linear,0.3670155865689033,0.06071966886520386,12.166706055316613,27.779980412439368,1.0,0.0,0.7,2
24,4,persistence,persistence,0.998866919774769,0.08106552809476852,10.911637837772513,14.602053349885768,0.0,1.0,0.0,2
24,4,constant_velocity_bounce,constant_velocity_bounce,0.41409399675259684,0.0,99.0,0.0,1.0,0.0,0.0,2
24,16,raw_visual,persistence,0.998866919774769,0.08106552809476852,10.911637837772513,14.602053349885768,0.0,1.0,0.0,2
24,16,motion_gate,bounce,0.41409399675259684,0.0,99.0,0.0,1.0,0.0,0.0,2
24,16,oracle,bounce,0.41409399675259684,0.0,99.0,0.0,1.0,0.0,0.0,2
24,16,persistence,persistence,0.998866919774769,0.08106552809476852,10.911637837772513,14.602053349885768,0.0,1.0,0.0,2
24,16,constant_velocity_bounce,constant_velocity_bounce,0.41409399675259684,0.0,99.0,0.0,1.0,0.0,0.0,2
24,64,raw_visual,persistence,0.998866919774769,0.08106552809476852,10.911637837772513,14.602053349885768,0.0,1.0,0.0,2
24,64,motion_gate,noisy_bounce,0.4153329375311181,0.029336905106902122,15.325857039177382,1.6572126323650078,1.1928117320378349,0.0,0.0,2
24,64,oracle,bounce,0.41409399675259684,0.0,99.0,0.0,1.0,0.0,0.0,2
24,64,persistence,persistence,0.998866919774769,0.08106552809476852,10.911637837772513,14.602053349885768,0.0,1.0,0.0,2
24,64,constant_velocity_bounce,constant_velocity_bounce,0.41409399675259684,0.0,99.0,0.0,1.0,0.0,0.0,2
25,1,raw_visual,slow,0.7743768822467685,0.05431564897298813,12.650750270689645,9.24456954348785,0.28,1.0,0.0,3
25,1,motion_gate,constant_velocity_bounce,0.45869570221133116,0.0,99.0,0.0,1.0,0.0,0.0,3
25,1,oracle,slow,0.7743768822467685,0.05431564897298813,12.650750270689645,9.24456954348785,0.28,1.0,0.0,3
25,1,persistence,persistence,0.997038806748336,0.0605122447013855,12.181567366173363,13.393825011596153,0.0,1.0,0.0,3
25,1,constant_velocity_bounce,constant_velocity_bounce,0.45869570221133116,0.0,99.0,0.0,1.0,0.0,0.0,3
25,4,raw_visual,persistence,0.997038806748336,0.0605122447013855,12.181567366173363,13.393825011596153,0.0,1.0,0.0,3
25,4,motion_gate,bounce,0.45869570221133116,0.0,99.0,0.0,1.0,0.0,0.0,3
25,4,oracle,bounce,0.45869570221133116,0.0,99.0,0.0,1.0,0.0,0.0,3
25,4,persistence,persistence,0.997038806748336,0.0605122447013855,12.181567366173363,13.393825011596153,0.0,1.0,0.0,3
25,4,constant_velocity_bounce,constant_velocity_bounce,0.45869570221133116,0.0,99.0,0.0,1.0,0.0,0.0,3
25,16,raw_visual,persistence,0.997038806748336,0.0605122447013855,12.181567366173363,13.393825011596153,0.0,1.0,0.0,3
25,16,motion_gate,bounce,0.45869570221133116,0.0,99.0,0.0,1.0,0.0,0.0,3
25,16,oracle,bounce,0.45869570221133116,0.0,99.0,0.0,1.0,0.0,0.0,3
25,16,persistence,persistence,0.997038806748336,0.0605122447013855,12.181567366173363,13.393825011596153,0.0,1.0,0.0,3
25,16,constant_velocity_bounce,constant_velocity_bounce,0.45869570221133116,0.0,99.0,0.0,1.0,0.0,0.0,3
25,64,raw_visual,persistence,0.997038806748336,0.0605122447013855,12.181567366173363,13.393825011596153,0.0,1.0,0.0,3
25,64,motion_gate,noisy_bounce,0.4611364882750022,0.027364304289221764,15.62815588895231,1.5944853877184255,1.0582504687075387,0.0,0.0,3
25,64,oracle,bounce,0.45869570221133116,0.0,99.0,0.0,1.0,0.0,0.0,3
25,64,persistence,persistence,0.997038806748336,0.0605122447013855,12.181567366173363,13.393825011596153,0.0,1.0,0.0,3
25,64,constant_velocity_bounce,constant_velocity_bounce,0.45869570221133116,0.0,99.0,0.0,1.0,0.0,0.0,3
26,1,raw_visual,noisy_bounce,0.47939148915639673,0.01820906065404415,17.39712457460847,1.5577998396364716,1.212087600589411,0.0,0.0,2
26,1,motion_gate,noisy_bounce,0.47939148915639673,0.01820906065404415,17.39712457460847,1.5577998396364716,1.212087600589411,0.0,0.0,2
26,1,oracle,noisy_bounce,0.47939148915639673,0.01820906065404415,17.39712457460847,1.5577998396364716,1.212087600589411,0.0,0.0,2
26,1,persistence,persistence,0.9999999837472435,0.05529090762138367,12.573462808928191,12.778741320305764,0.0,1.0,0.0,2
26,1,constant_velocity_bounce,constant_velocity_bounce,0.4889726571545172,0.0,99.0,0.0,1.0,0.0,0.0,2
26,4,raw_visual,slow,0.72098646270821,0.05025892332196236,12.987868193713588,10.574843067598954,0.27999999999999997,1.0,0.1,2
26,4,motion_gate,noisy_bounce,0.492174126036094,0.021754419431090355,16.624525024074973,1.7076291335177374,1.25627987025356,0.0,0.0,2
26,4,oracle,bounce,0.4889726571545172,0.0,99.0,0.0,1.0,0.0,0.0,2
26,4,persistence,persistence,0.9999999837472435,0.05529090762138367,12.573462808928191,12.778741320305764,0.0,1.0,0.0,2
26,4,constant_velocity_bounce,constant_velocity_bounce,0.4889726571545172,0.0,99.0,0.0,1.0,0.0,0.0,2
26,16,raw_visual,persistence,0.9999999837472435,0.05529090762138367,12.573462808928191,12.778741320305764,0.0,1.0,0.0,2
26,16,motion_gate,noisy_bounce,0.492174126036094,0.021754419431090355,16.624525024074973,1.7076291335177374,1.25627987025356,0.0,0.0,2
26,16,oracle,bounce,0.4889726571545172,0.0,99.0,0.0,1.0,0.0,0.0,2
26,16,persistence,persistence,0.9999999837472435,0.05529090762138367,12.573462808928191,12.778741320305764,0.0,1.0,0.0,2
26,16,constant_velocity_bounce,constant_velocity_bounce,0.4889726571545172,0.0,99.0,0.0,1.0,0.0,0.0,2
26,64,raw_visual,persistence,0.9999999837472435,0.05529090762138367,12.573462808928191,12.778741320305764,0.0,1.0,0.0,2
26,64,motion_gate,noisy_bounce,0.5011704360362546,0.029110271483659744,15.359537442930488,1.8725760034254755,1.1095094446267666,0.0,0.0,2
26,64,oracle,bounce,0.4889726571545172,0.0,99.0,0.0,1.0,0.0,0.0,2
26,64,persistence,persistence,0.9999999837472435,0.05529090762138367,12.573462808928191,12.778741320305764,0.0,1.0,0.0,2
26,64,constant_velocity_bounce,constant_velocity_bounce,0.4889726571545172,0.0,99.0,0.0,1.0,0.0,0.0,2
27,1,raw_visual,bounce,0.4131907367967623,0.0,99.0,0.0,1.0,0.0,0.0,2
27,1,motion_gate,bounce,0.4131907367967623,0.0,99.0,0.0,1.0,0.0,0.0,2
27,1,oracle,bounce,0.4131907367967623,0.0,99.0,0.0,1.0,0.0,0.0,2
27,1,persistence,persistence,0.9965211662549843,0.070436991751194,11.521992003162705,15.001709753180961,0.0,1.0,0.0,2
27,1,constant_velocity_bounce,constant_velocity_bounce,0.4131907367967623,0.0,99.0,0.0,1.0,0.0,0.0,2
27,4,raw_visual,bounce,0.4131907367967623,0.0,99.0,0.0,1.0,0.0,0.0,2
27,4,motion_gate,bounce,0.4131907367967623,0.0,99.0,0.0,1.0,0.0,0.0,2
27,4,oracle,bounce,0.4131907367967623,0.0,99.0,0.0,1.0,0.0,0.0,2
27,4,persistence,persistence,0.9965211662549843,0.070436991751194,11.521992003162705,15.001709753180961,0.0,1.0,0.0,2
27,4,constant_velocity_bounce,constant_velocity_bounce,0.4131907367967623,0.0,99.0,0.0,1.0,0.0,0.0,2
27,16,raw_visual,persistence,0.9965211662549843,0.070436991751194,11.521992003162705,15.001709753180961,0.0,1.0,0.0,2
27,16,motion_gate,noisy_bounce,0.4145053701533755,0.023455554619431496,16.297542934645993,1.3084190244560188,1.0423901850389041,0.0,0.0,2
27,16,oracle,bounce,0.4131907367967623,0.0,99.0,0.0,1.0,0.0,0.0,2
27,16,persistence,persistence,0.9965211662549843,0.070436991751194,11.521992003162705,15.001709753180961,0.0,1.0,0.0,2
27,16,constant_velocity_bounce,constant_velocity_bounce,0.4131907367967623,0.0,99.0,0.0,1.0,0.0,0.0,2
27,64,raw_visual,persistence,0.9965211662549843,0.070436991751194,11.521992003162705,15.001709753180961,0.0,1.0,0.0,2
27,64,motion_gate,noisy_bounce,0.4145053701533755,0.023455554619431496,16.297542934645993,1.3084190244560188,1.0423901850389041,0.0,0.0,2
27,64,oracle,bounce,0.4131907367967623,0.0,99.0,0.0,1.0,0.0,0.0,2
27,64,persistence,persistence,0.9965211662549843,0.070436991751194,11.521992003162705,15.001709753180961,0.0,1.0,0.0,2
27,64,constant_velocity_bounce,constant_velocity_bounce,0.4131907367967623,0.0,99.0,0.0,1.0,0.0,0.0,2
28,1,raw_visual,slow,0.7913732565716523,0.04718534275889397,13.261928858468577,11.821809212832354,0.28,1.0,0.125,3
28,1,motion_gate,constant_velocity_bounce,0.4895167257504033,0.0,99.0,0.0,1.0,0.0,0.0,3
28,1,oracle,slow,0.7913732565716523,0.04718534275889397,13.261928858468577,11.821809212832354,0.28,1.0,0.125,3
28,1,persistence,persistence,0.9988431178555506,0.0488959401845932,13.10727198721448,10.57722092064166,0.0,1.0,0.0,3
28,1,constant_velocity_bounce,constant_velocity_bounce,0.4895167257504033,0.0,99.0,0.0,1.0,0.0,0.0,3
28,4,raw_visual,slow,0.7913732565716523,0.04718534275889397,13.261928858468577,11.821809212832354,0.28,1.0,0.125,3
28,4,motion_gate,constant_velocity_bounce,0.4895167257504033,0.0,99.0,0.0,1.0,0.0,0.0,3
28,4,oracle,linear,0.5029897977234751,0.037194184958934784,14.295249536034119,19.415274249290086,1.0,0.0,0.575,3
28,4,persistence,persistence,0.9988431178555506,0.0488959401845932,13.10727198721448,10.57722092064166,0.0,1.0,0.0,3
28,4,constant_velocity_bounce,constant_velocity_bounce,0.4895167257504033,0.0,99.0,0.0,1.0,0.0,0.0,3
28,16,raw_visual,persistence,0.9988431178555506,0.0488959401845932,13.10727198721448,10.57722092064166,0.0,1.0,0.0,3
28,16,motion_gate,bounce,0.4895167257504033,0.0,99.0,0.0,1.0,0.0,0.0,3
28,16,oracle,bounce,0.4895167257504033,0.0,99.0,0.0,1.0,0.0,0.0,3
28,16,persistence,persistence,0.9988431178555506,0.0488959401845932,13.10727198721448,10.57722092064166,0.0,1.0,0.0,3
28,16,constant_velocity_bounce,constant_velocity_bounce,0.4895167257504033,0.0,99.0,0.0,1.0,0.0,0.0,3
28,64,raw_visual,persistence,0.9988431178555506,0.0488959401845932,13.10727198721448,10.57722092064166,0.0,1.0,0.0,3
28,64,motion_gate,noisy_bounce,0.5268701885283332,0.018416941165924072,17.34782499278839,1.6085068245389735,1.0906406065495666,0.0,0.0,3
28,64,oracle,bounce,0.4895167257504033,0.0,99.0,0.0,1.0,0.0,0.0,3
28,64,persistence,persistence,0.9988431178555506,0.0488959401845932,13.10727198721448,10.57722092064166,0.0,1.0,0.0,3
28,64,constant_velocity_bounce,constant_velocity_bounce,0.4895167257504033,0.0,99.0,0.0,1.0,0.0,0.0,3
29,1,raw_visual,persistence,0.9943382587283212,0.06803527474403381,11.672658570796647,13.668431305798123,0.0,1.0,0.0,2
29,1,motion_gate,constant_velocity_bounce,0.41714985272443417,0.0,99.0,0.0,1.0,0.0,0.0,2
29,1,oracle,persistence,0.9943382587283212,0.06803527474403381,11.672658570796647,13.668431305798123,0.0,1.0,0.0,2
29,1,persistence,persistence,0.9943382587283212,0.06803527474403381,11.672658570796647,13.668431305798123,0.0,1.0,0.0,2
29,1,constant_velocity_bounce,constant_velocity_bounce,0.41714985272443417,0.0,99.0,0.0,1.0,0.0,0.0,2
29,4,raw_visual,persistence,0.9943382587283212,0.06803527474403381,11.672658570796647,13.668431305798123,0.0,1.0,0.0,2
29,4,motion_gate,noisy_bounce,0.41769352967357687,0.02186642587184906,16.602221978029817,1.2979238764799765,1.0751939410716107,0.0,0.0,2
29,4,oracle,noisy_bounce,0.41769352967357687,0.02186642587184906,16.602221978029817,1.2979238764799765,1.0751939410716107,0.0,0.0,2
29,4,persistence,persistence,0.9943382587283212,0.06803527474403381,11.672658570796647,13.668431305798123,0.0,1.0,0.0,2
29,4,constant_velocity_bounce,constant_velocity_bounce,0.41714985272443417,0.0,99.0,0.0,1.0,0.0,0.0,2
29,16,raw_visual,persistence,0.9943382587283212,0.06803527474403381,11.672658570796647,13.668431305798123,0.0,1.0,0.0,2
29,16,motion_gate,noisy_bounce,0.41769352967357687,0.02186642587184906,16.602221978029817,1.2979238764799765,1.0751939410716107,0.0,0.0,2
29,16,oracle,bounce,0.41714985272443417,0.0,99.0,0.0,1.0,0.0,0.0,2
29,16,persistence,persistence,0.9943382587283212,0.06803527474403381,11.672658570796647,13.668431305798123,0.0,1.0,0.0,2
29,16,constant_velocity_bounce,constant_velocity_bounce,0.41714985272443417,0.0,99.0,0.0,1.0,0.0,0.0,2
29,64,raw_visual,persistence,0.9943382587283212,0.06803527474403381,11.672658570796647,13.668431305798123,0.0,1.0,0.0,2
29,64,motion_gate,noisy_bounce,0.41769352967357687,0.02186642587184906,16.602221978029817,1.2979238764799765,1.0751939410716107,0.0,0.0,2
29,64,oracle,bounce,0.41714985272443417,0.0,99.0,0.0,1.0,0.0,0.0,2
29,64,persistence,persistence,0.9943382587283212,0.06803527474403381,11.672658570796647,13.668431305798123,0.0,1.0,0.0,2
29,64,constant_velocity_bounce,constant_velocity_bounce,0.41714985272443417,0.0,99.0,0.0,1.0,0.0,0.0,2
30,1,raw_visual,bounce,0.4051206189631279,0.0,99.0,0.0,1.0,0.0,0.0,2
30,1,motion_gate,bounce,0.4051206189631279,0.0,99.0,0.0,1.0,0.0,0.0,2
30,1,oracle,bounce,0.4051206189631279,0.0,99.0,0.0,1.0,0.0,0.0,2
30,1,persistence,persistence,0.9986521829475272,0.08359140157699585,10.778383928924939,12.220788300917896,0.0,1.0,0.0,2
30,1,constant_velocity_bounce,constant_velocity_bounce,0.4051206189631279,0.0,99.0,0.0,1.0,0.0,0.0,2
30,4,raw_visual,persistence,0.9986521829475272,0.08359140157699585,10.778383928924939,12.220788300917896,0.0,1.0,0.0,2
30,4,motion_gate,bounce,0.4051206189631279,0.0,99.0,0.0,1.0,0.0,0.0,2
30,4,oracle,bounce,0.4051206189631279,0.0,99.0,0.0,1.0,0.0,0.0,2
30,4,persistence,persistence,0.9986521829475272,0.08359140157699585,10.778383928924939,12.220788300917896,0.0,1.0,0.0,2
30,4,constant_velocity_bounce,constant_velocity_bounce,0.4051206189631279,0.0,99.0,0.0,1.0,0.0,0.0,2
30,16,raw_visual,persistence,0.9986521829475272,0.08359140157699585,10.778383928924939,12.220788300917896,0.0,1.0,0.0,2
30,16,motion_gate,bounce,0.4051206189631279,0.0,99.0,0.0,1.0,0.0,0.0,2
30,16,oracle,bounce,0.4051206189631279,0.0,99.0,0.0,1.0,0.0,0.0,2
30,16,persistence,persistence,0.9986521829475272,0.08359140157699585,10.778383928924939,12.220788300917896,0.0,1.0,0.0,2
30,16,constant_velocity_bounce,constant_velocity_bounce,0.4051206189631279,0.0,99.0,0.0,1.0,0.0,0.0,2
30,64,raw_visual,persistence,0.9986521829475272,0.08359140157699585,10.778383928924939,12.220788300917896,0.0,1.0,0.0,2
30,64,motion_gate,noisy_bounce,0.40930758538657075,0.0327744260430336,14.844649050848947,2.1213353595294726,1.3408517958300892,0.0,0.0,2
30,64,oracle,bounce,0.4051206189631279,0.0,99.0,0.0,1.0,0.0,0.0,2
30,64,persistence,persistence,0.9986521829475272,0.08359140157699585,10.778383928924939,12.220788300917896,0.0,1.0,0.0,2
30,64,constant_velocity_bounce,constant_velocity_bounce,0.4051206189631279,0.0,99.0,0.0,1.0,0.0,0.0,2
31,1,raw_visual,bounce,0.45262554110236086,0.0,99.0,0.0,1.0,0.0,0.0,2
31,1,motion_gate,bounce,0.45262554110236086,0.0,99.0,0.0,1.0,0.0,0.0,2
31,1,oracle,bounce,0.45262554110236086,0.0,99.0,0.0,1.0,0.0,0.0,2
31,1,persistence,persistence,0.992082262739185,0.0753551498055458,11.228870624507845,14.472229417778584,0.0,1.0,0.0,2
31,1,constant_velocity_bounce,constant_velocity_bounce,0.45262554110236086,0.0,99.0,0.0,1.0,0.0,0.0,2
31,4,raw_visual,persistence,0.992082262739185,0.0753551498055458,11.228870624507845,14.472229417778584,0.0,1.0,0.0,2
31,4,motion_gate,bounce,0.45262554110236086,0.0,99.0,0.0,1.0,0.0,0.0,2
31,4,oracle,bounce,0.45262554110236086,0.0,99.0,0.0,1.0,0.0,0.0,2
31,4,persistence,persistence,0.992082262739185,0.0753551498055458,11.228870624507845,14.472229417778584,0.0,1.0,0.0,2
31,4,constant_velocity_bounce,constant_velocity_bounce,0.45262554110236086,0.0,99.0,0.0,1.0,0.0,0.0,2
31,16,raw_visual,persistence,0.992082262739185,0.0753551498055458,11.228870624507845,14.472229417778584,0.0,1.0,0.0,2
31,16,motion_gate,bounce,0.45262554110236086,0.0,99.0,0.0,1.0,0.0,0.0,2
31,16,oracle,bounce,0.45262554110236086,0.0,99.0,0.0,1.0,0.0,0.0,2
31,16,persistence,persistence,0.992082262739185,0.0753551498055458,11.228870624507845,14.472229417778584,0.0,1.0,0.0,2
31,16,constant_velocity_bounce,constant_velocity_bounce,0.45262554110236086,0.0,99.0,0.0,1.0,0.0,0.0,2
31,64,raw_visual,persistence,0.992082262739185,0.0753551498055458,11.228870624507845,14.472229417778584,0.0,1.0,0.0,2
31,64,motion_gate,noisy_bounce,0.5021744254271571,0.019582374021410942,17.08134658707585,1.633057793418454,1.128800292918428,0.0,0.0,2
31,64,oracle,bounce,0.45262554110236086,0.0,99.0,0.0,1.0,0.0,0.0,2
31,64,persistence,persistence,0.992082262739185,0.0753551498055458,11.228870624507845,14.472229417778584,0.0,1.0,0.0,2
31,64,constant_velocity_bounce,constant_velocity_bounce,0.45262554110236086,0.0,99.0,0.0,1.0,0.0,0.0,2
32,1,raw_visual,slow,0.6435393787560578,0.056199878454208374,12.50264623696485,16.705290055015897,0.28,1.0,0.375,1
32,1,motion_gate,constant_velocity_bounce,0.4458442474188675,0.0,99.0,0.0,1.0000000000000002,0.0,0.0,1
32,1,oracle,slow,0.6435393787560578,0.056199878454208374,12.50264623696485,16.705290055015897,0.28,1.0,0.375,1
32,1,persistence,persistence,0.9936564195087543,0.05594675615429878,12.522250892094242,16.00390636621033,0.0,1.0,0.0,1
32,1,constant_velocity_bounce,constant_velocity_bounce,0.4458442474188675,0.0,99.0,0.0,1.0000000000000002,0.0,0.0,1
32,4,raw_visual,persistence,0.9936564195087543,0.05594675615429878,12.522250892094242,16.00390636621033,0.0,1.0,0.0,1
32,4,motion_gate,constant_velocity_bounce,0.4458442474188675,0.0,99.0,0.0,1.0000000000000002,0.0,0.0,1
32,4,oracle,linear,0.4585399095742073,0.037413448095321655,14.269722645426818,22.83053201505194,1.0000000000000002,0.0,0.6,1
32,4,persistence,persistence,0.9936564195087543,0.05594675615429878,12.522250892094242,16.00390636621033,0.0,1.0,0.0,1
32,4,constant_velocity_bounce,constant_velocity_bounce,0.4458442474188675,0.0,99.0,0.0,1.0000000000000002,0.0,0.0,1
32,16,raw_visual,persistence,0.9936564195087543,0.05594675615429878,12.522250892094242,16.00390636621033,0.0,1.0,0.0,1
32,16,motion_gate,bounce,0.4458442474188675,0.0,99.0,0.0,1.0000000000000002,0.0,0.0,1
32,16,oracle,bounce,0.4458442474188675,0.0,99.0,0.0,1.0000000000000002,0.0,0.0,1
32,16,persistence,persistence,0.9936564195087543,0.05594675615429878,12.522250892094242,16.00390636621033,0.0,1.0,0.0,1
32,16,constant_velocity_bounce,constant_velocity_bounce,0.4458442474188675,0.0,99.0,0.0,1.0000000000000002,0.0,0.0,1
32,64,raw_visual,persistence,0.9936564195087543,0.05594675615429878,12.522250892094242,16.00390636621033,0.0,1.0,0.0,1
32,64,motion_gate,noisy_bounce,0.5034541804175144,0.03422892838716507,14.65606697205272,2.075867348005708,1.078477083478307,0.0,0.0,1
32,64,oracle,bounce,0.4458442474188675,0.0,99.0,0.0,1.0000000000000002,0.0,0.0,1
32,64,persistence,persistence,0.9936564195087543,0.05594675615429878,12.522250892094242,16.00390636621033,0.0,1.0,0.0,1
32,64,constant_velocity_bounce,constant_velocity_bounce,0.4458442474188675,0.0,99.0,0.0,1.0000000000000002,0.0,0.0,1
33,1,raw_visual,noisy_bounce,0.47387776402528436,0.021720707416534424,16.63126034419551,1.508008845978164,1.2386059260726263,0.0,0.0,0
33,1,motion_gate,noisy_bounce,0.47387776402528436,0.021720707416534424,16.63126034419551,1.508008845978164,1.2386059260726263,0.0,0.0,0
33,1,oracle,noisy_bounce,0.47387776402528436,0.021720707416534424,16.63126034419551,1.508008845978164,1.2386059260726263,0.0,0.0,0
33,1,persistence,persistence,0.9999999718125807,0.07676631212234497,11.148293225348242,17.693440600577993,0.0,1.0,0.0,0
33,1,constant_velocity_bounce,constant_velocity_bounce,0.5113620581026942,0.0,99.0,0.0,1.0000000000000002,0.0,0.0,0
33,4,raw_visual,persistence,0.9999999718125807,0.07676631212234497,11.148293225348242,17.693440600577993,0.0,1.0,0.0,0
33,4,motion_gate,noisy_bounce,0.47387776402528436,0.021720707416534424,16.63126034419551,1.508008845978164,1.2386059260726263,0.0,0.0,0
33,4,oracle,noisy_bounce,0.47387776402528436,0.021720707416534424,16.63126034419551,1.508008845978164,1.2386059260726263,0.0,0.0,0
33,4,persistence,persistence,0.9999999718125807,0.07676631212234497,11.148293225348242,17.693440600577993,0.0,1.0,0.0,0
33,4,constant_velocity_bounce,constant_velocity_bounce,0.5113620581026942,0.0,99.0,0.0,1.0000000000000002,0.0,0.0,0
33,16,raw_visual,persistence,0.9999999718125807,0.07676631212234497,11.148293225348242,17.693440600577993,0.0,1.0,0.0,0
33,16,motion_gate,bounce,0.5113620581026942,0.0,99.0,0.0,1.0000000000000002,0.0,0.0,0
33,16,oracle,bounce,0.5113620581026942,0.0,99.0,0.0,1.0000000000000002,0.0,0.0,0
33,16,persistence,persistence,0.9999999718125807,0.07676631212234497,11.148293225348242,17.693440600577993,0.0,1.0,0.0,0
33,16,constant_velocity_bounce,constant_velocity_bounce,0.5113620581026942,0.0,99.0,0.0,1.0000000000000002,0.0,0.0,0
33,64,raw_visual,persistence,0.9999999718125807,0.07676631212234497,11.148293225348242,17.693440600577993,0.0,1.0,0.0,0
33,64,motion_gate,bounce,0.5113620581026942,0.0,99.0,0.0,1.0000000000000002,0.0,0.0,0
33,64,oracle,bounce,0.5113620581026942,0.0,99.0,0.0,1.0000000000000002,0.0,0.0,0
33,64,persistence,persistence,0.9999999718125807,0.07676631212234497,11.148293225348242,17.693440600577993,0.0,1.0,0.0,0
33,64,constant_velocity_bounce,constant_velocity_bounce,0.5113620581026942,0.0,99.0,0.0,1.0000000000000002,0.0,0.0,0
34,1,raw_visual,bounce,0.582370940689573,0.0,99.0,0.0,1.0,0.0,0.0,3
34,1,motion_gate,bounce,0.582370940689573,0.0,99.0,0.0,1.0,0.0,0.0,3
34,1,oracle,bounce,0.582370940689573,0.0,99.0,0.0,1.0,0.0,0.0,3
34,1,persistence,persistence,0.9959818250628774,0.037461958825588226,14.264095178069498,9.754748024741682,0.0,1.0,0.0,3
34,1,constant_velocity_bounce,constant_velocity_bounce,0.582370940689573,0.0,99.0,0.0,1.0,0.0,0.0,3
34,4,raw_visual,bounce,0.582370940689573,0.0,99.0,0.0,1.0,0.0,0.0,3
34,4,motion_gate,bounce,0.582370940689573,0.0,99.0,0.0,1.0,0.0,0.0,3
34,4,oracle,bounce,0.582370940689573,0.0,99.0,0.0,1.0,0.0,0.0,3
34,4,persistence,persistence,0.9959818250628774,0.037461958825588226,14.264095178069498,9.754748024741682,0.0,1.0,0.0,3
34,4,constant_velocity_bounce,constant_velocity_bounce,0.582370940689573,0.0,99.0,0.0,1.0,0.0,0.0,3
34,16,raw_visual,persistence,0.9959818250628774,0.037461958825588226,14.264095178069498,9.754748024741682,0.0,1.0,0.0,3
34,16,motion_gate,bounce,0.582370940689573,0.0,99.0,0.0,1.0,0.0,0.0,3
34,16,oracle,bounce,0.582370940689573,0.0,99.0,0.0,1.0,0.0,0.0,3
34,16,persistence,persistence,0.9959818250628774,0.037461958825588226,14.264095178069498,9.754748024741682,0.0,1.0,0.0,3
34,16,constant_velocity_bounce,constant_velocity_bounce,0.582370940689573,0.0,99.0,0.0,1.0,0.0,0.0,3
34,64,raw_visual,persistence,0.9959818250628774,0.037461958825588226,14.264095178069498,9.754748024741682,0.0,1.0,0.0,3
34,64,motion_gate,bounce,0.582370940689573,0.0,99.0,0.0,1.0,0.0,0.0,3
34,64,oracle,bounce,0.582370940689573,0.0,99.0,0.0,1.0,0.0,0.0,3
34,64,persistence,persistence,0.9959818250628774,0.037461958825588226,14.264095178069498,9.754748024741682,0.0,1.0,0.0,3
34,64,constant_velocity_bounce,constant_velocity_bounce,0.582370940689573,0.0,99.0,0.0,1.0,0.0,0.0,3
35,1,raw_visual,linear,0.31717753907700075,0.02724587358534336,15.646992627383353,6.110998633260657,1.0,0.0,0.325,3
35,1,motion_gate,constant_velocity_bounce,0.4506099333790633,0.0,99.0,0.0,1.0,0.0,0.0,3
35,1,oracle,linear,0.31717753907700075,0.02724587358534336,15.646992627383353,6.110998633260657,1.0,0.0,0.325,3
35,1,persistence,persistence,0.9926358993831672,0.058733224868774414,12.311161526686547,11.166200237893099,0.0,1.0,0.0,3
35,1,constant_velocity_bounce,constant_velocity_bounce,0.4506099333790633,0.0,99.0,0.0,1.0,0.0,0.0,3
35,4,raw_visual,slow,0.7741144209705975,0.05415571853518486,12.663556775954932,8.396656389334485,0.27999999999999997,1.0,0.0,3
35,4,motion_gate,constant_velocity_bounce,0.4506099333790633,0.0,99.0,0.0,1.0,0.0,0.0,3
35,4,oracle,linear,0.31717753907700075,0.02724587358534336,15.646992627383353,6.110998633260657,1.0,0.0,0.325,3
35,4,persistence,persistence,0.9926358993831672,0.058733224868774414,12.311161526686547,11.166200237893099,0.0,1.0,0.0,3
35,4,constant_velocity_bounce,constant_velocity_bounce,0.4506099333790633,0.0,99.0,0.0,1.0,0.0,0.0,3
35,16,raw_visual,slow,0.7741144209705975,0.05415571853518486,12.663556775954932,8.396656389334485,0.27999999999999997,1.0,0.0,3
35,16,motion_gate,bounce,0.4506099333790633,0.0,99.0,0.0,1.0,0.0,0.0,3
35,16,oracle,bounce,0.4506099333790633,0.0,99.0,0.0,1.0,0.0,0.0,3
35,16,persistence,persistence,0.9926358993831672,0.058733224868774414,12.311161526686547,11.166200237893099,0.0,1.0,0.0,3
35,16,constant_velocity_bounce,constant_velocity_bounce,0.4506099333790633,0.0,99.0,0.0,1.0,0.0,0.0,3
35,64,raw_visual,persistence,0.9926358993831672,0.058733224868774414,12.311161526686547,11.166200237893099,0.0,1.0,0.0,3
35,64,motion_gate,noisy_bounce,0.512352420618671,0.03586503118276596,14.453287872320766,2.308252959691493,1.3280544774250214,0.0,0.0,3
35,64,oracle,bounce,0.4506099333790633,0.0,99.0,0.0,1.0,0.0,0.0,3
35,64,persistence,persistence,0.9926358993831672,0.058733224868774414,12.311161526686547,11.166200237893099,0.0,1.0,0.0,3
35,64,constant_velocity_bounce,constant_velocity_bounce,0.4506099333790633,0.0,99.0,0.0,1.0,0.0,0.0,3
36,1,raw_visual,persistence,0.994160950600526,0.0637645572423935,11.954206515476955,16.983008263758773,0.0,1.0,0.0,1
36,1,motion_gate,constant_velocity_bounce,0.4165124517360862,0.0,99.0,0.0,1.0000000000000002,0.0,0.0,1
36,1,oracle,persistence,0.994160950600526,0.0637645572423935,11.954206515476955,16.983008263758773,0.0,1.0,0.0,1
36,1,persistence,persistence,0.994160950600526,0.0637645572423935,11.954206515476955,16.983008263758773,0.0,1.0,0.0,1
36,1,constant_velocity_bounce,constant_velocity_bounce,0.4165124517360862,0.0,99.0,0.0,1.0000000000000002,0.0,0.0,1
36,4,raw_visual,persistence,0.994160950600526,0.0637645572423935,11.954206515476955,16.983008263758773,0.0,1.0,0.0,1
36,4,motion_gate,constant_velocity_bounce,0.4165124517360862,0.0,99.0,0.0,1.0000000000000002,0.0,0.0,1
36,4,oracle,noisy_bounce,0.40918134596205746,0.028737958520650864,15.415440864003543,1.7695292642402065,1.2271274381777362,0.0,0.025,1
36,4,persistence,persistence,0.994160950600526,0.0637645572423935,11.954206515476955,16.983008263758773,0.0,1.0,0.0,1
36,4,constant_velocity_bounce,constant_velocity_bounce,0.4165124517360862,0.0,99.0,0.0,1.0000000000000002,0.0,0.0,1
36,16,raw_visual,persistence,0.994160950600526,0.0637645572423935,11.954206515476955,16.983008263758773,0.0,1.0,0.0,1
36,16,motion_gate,noisy_bounce,0.41675563530257287,0.023124221712350845,16.359328753119307,1.4603136503784184,1.170941110927313,0.0,0.0,1
36,16,oracle,bounce,0.4165124517360862,0.0,99.0,0.0,1.0000000000000002,0.0,0.0,1
36,16,persistence,persistence,0.994160950600526,0.0637645572423935,11.954206515476955,16.983008263758773,0.0,1.0,0.0,1
36,16,constant_velocity_bounce,constant_velocity_bounce,0.4165124517360862,0.0,99.0,0.0,1.0000000000000002,0.0,0.0,1
36,64,raw_visual,persistence,0.994160950600526,0.0637645572423935,11.954206515476955,16.983008263758773,0.0,1.0,0.0,1
36,64,motion_gate,noisy_bounce,0.41738425763264997,0.037269048392772675,14.28651696139209,2.117295390629615,1.275142201496681,0.0,0.0,1
36,64,oracle,bounce,0.4165124517360862,0.0,99.0,0.0,1.0000000000000002,0.0,0.0,1
36,64,persistence,persistence,0.994160950600526,0.0637645572423935,11.954206515476955,16.983008263758773,0.0,1.0,0.0,1
36,64,constant_velocity_bounce,constant_velocity_bounce,0.4165124517360862,0.0,99.0,0.0,1.0000000000000002,0.0,0.0,1
37,1,raw_visual,linear,0.46395932570305426,0.03633281961083412,14.397008973778625,12.6,1.0,0.0,0.275,2
37,1,motion_gate,constant_velocity_bounce,0.49831076075637337,0.0,99.0,0.0,1.0,0.0,0.0,2
37,1,oracle,linear,0.46395932570305426,0.03633281961083412,14.397008973778625,12.6,1.0,0.0,0.275,2
37,1,persistence,persistence,0.9935348261124132,0.06141297146677971,12.117398887698451,13.387348186687149,0.0,1.0,0.0,2
37,1,constant_velocity_bounce,constant_velocity_bounce,0.49831076075637337,0.0,99.0,0.0,1.0,0.0,0.0,2
37,4,raw_visual,persistence,0.9935348261124132,0.06141297146677971,12.117398887698451,13.387348186687149,0.0,1.0,0.0,2
37,4,motion_gate,constant_velocity_bounce,0.49831076075637337,0.0,99.0,0.0,1.0,0.0,0.0,2
37,4,oracle,linear,0.46395932570305426,0.03633281961083412,14.397008973778625,12.6,1.0,0.0,0.275,2
37,4,persistence,persistence,0.9935348261124132,0.06141297146677971,12.117398887698451,13.387348186687149,0.0,1.0,0.0,2
37,4,constant_velocity_bounce,constant_velocity_bounce,0.49831076075637337,0.0,99.0,0.0,1.0,0.0,0.0,2
37,16,raw_visual,persistence,0.9935348261124132,0.06141297146677971,12.117398887698451,13.387348186687149,0.0,1.0,0.0,2
37,16,motion_gate,noisy_bounce,0.4940066365989133,0.016765302047133446,17.755886178258763,1.5690817913965454,1.2097625208135003,0.0,0.0,2
37,16,oracle,noisy_bounce,0.4940066365989133,0.016765302047133446,17.755886178258763,1.5690817913965454,1.2097625208135003,0.0,0.0,2
37,16,persistence,persistence,0.9935348261124132,0.06141297146677971,12.117398887698451,13.387348186687149,0.0,1.0,0.0,2
37,16,constant_velocity_bounce,constant_velocity_bounce,0.49831076075637337,0.0,99.0,0.0,1.0,0.0,0.0,2
37,64,raw_visual,persistence,0.9935348261124132,0.06141297146677971,12.117398887698451,13.387348186687149,0.0,1.0,0.0,2
37,64,motion_gate,noisy_bounce,0.5406633274682231,0.02210584282875061,16.55492922110852,1.721844998152055,1.1218403264768146,0.0,0.0,2
37,64,oracle,bounce,0.49831076075637337,0.0,99.0,0.0,1.0,0.0,0.0,2
37,64,persistence,persistence,0.9935348261124132,0.06141297146677971,12.117398887698451,13.387348186687149,0.0,1.0,0.0,2
37,64,constant_velocity_bounce,constant_velocity_bounce,0.49831076075637337,0.0,99.0,0.0,1.0,0.0,0.0,2
38,1,raw_visual,persistence,0.995089797755883,0.06535458564758301,11.847239344557183,16.12814735359006,0.0,1.0,0.0,3
38,1,motion_gate,constant_velocity_bounce,0.41683948720054964,0.0,99.0,0.0,0.9999999999999999,0.0,0.0,3
38,1,oracle,persistence,0.995089797755883,0.06535458564758301,11.847239344557183,16.12814735359006,0.0,1.0,0.0,3
38,1,persistence,persistence,0.995089797755883,0.06535458564758301,11.847239344557183,16.12814735359006,0.0,1.0,0.0,3
38,1,constant_velocity_bounce,constant_velocity_bounce,0.41683948720054964,0.0,99.0,0.0,0.9999999999999999,0.0,0.0,3
38,4,raw_visual,persistence,0.995089797755883,0.06535458564758301,11.847239344557183,16.12814735359006,0.0,1.0,0.0,3
38,4,motion_gate,constant_velocity_bounce,0.41683948720054964,0.0,99.0,0.0,0.9999999999999999,0.0,0.0,3
38,4,oracle,linear,0.28742569271750945,0.047492049634456635,13.233790869830273,21.308043968111885,0.9999999999999999,0.0,0.65,3
38,4,persistence,persistence,0.995089797755883,0.06535458564758301,11.847239344557183,16.12814735359006,0.0,1.0,0.0,3
38,4,constant_velocity_bounce,constant_velocity_bounce,0.41683948720054964,0.0,99.0,0.0,0.9999999999999999,0.0,0.0,3
38,16,raw_visual,persistence,0.995089797755883,0.06535458564758301,11.847239344557183,16.12814735359006,0.0,1.0,0.0,3
38,16,motion_gate,bounce,0.41683948720054964,0.0,99.0,0.0,0.9999999999999999,0.0,0.0,3
38,16,oracle,bounce,0.41683948720054964,0.0,99.0,0.0,0.9999999999999999,0.0,0.0,3
38,16,persistence,persistence,0.995089797755883,0.06535458564758301,11.847239344557183,16.12814735359006,0.0,1.0,0.0,3
38,16,constant_velocity_bounce,constant_velocity_bounce,0.41683948720054964,0.0,99.0,0.0,0.9999999999999999,0.0,0.0,3
38,64,raw_visual,persistence,0.995089797755883,0.06535458564758301,11.847239344557183,16.12814735359006,0.0,1.0,0.0,3
38,64,motion_gate,bounce,0.41683948720054964,0.0,99.0,0.0,0.9999999999999999,0.0,0.0,3
38,64,oracle,bounce,0.41683948720054964,0.0,99.0,0.0,0.9999999999999999,0.0,0.0,3
38,64,persistence,persistence,0.995089797755883,0.06535458564758301,11.847239344557183,16.12814735359006,0.0,1.0,0.0,3
38,64,constant_velocity_bounce,constant_velocity_bounce,0.41683948720054964,0.0,99.0,0.0,0.9999999999999999,0.0,0.0,3
39,1,raw_visual,bounce,0.4249178890249605,0.0,99.0,0.0,1.0,0.0,0.0,3
39,1,motion_gate,bounce,0.4249178890249605,0.0,99.0,0.0,1.0,0.0,0.0,3
39,1,oracle,bounce,0.4249178890249605,0.0,99.0,0.0,1.0,0.0,0.0,3
39,1,persistence,persistence,0.9958288991601048,0.06758036464452744,11.70179469224649,9.806835865064345,0.0,1.0,0.0,3
39,1,constant_velocity_bounce,constant_velocity_bounce,0.4249178890249605,0.0,99.0,0.0,1.0,0.0,0.0,3
39,4,raw_visual,noisy_bounce,0.437730343106679,0.021841000765562057,16.607274659213427,1.3624186838026342,1.1010592856975583,0.0,0.0,3
39,4,motion_gate,noisy_bounce,0.437730343106679,0.021841000765562057,16.607274659213427,1.3624186838026342,1.1010592856975583,0.0,0.0,3
39,4,oracle,bounce,0.4249178890249605,0.0,99.0,0.0,1.0,0.0,0.0,3
39,4,persistence,persistence,0.9958288991601048,0.06758036464452744,11.70179469224649,9.806835865064345,0.0,1.0,0.0,3
39,4,constant_velocity_bounce,constant_velocity_bounce,0.4249178890249605,0.0,99.0,0.0,1.0,0.0,0.0,3
39,16,raw_visual,persistence,0.9958288991601048,0.06758036464452744,11.70179469224649,9.806835865064345,0.0,1.0,0.0,3
39,16,motion_gate,noisy_bounce,0.437730343106679,0.021841000765562057,16.607274659213427,1.3624186838026342,1.1010592856975583,0.0,0.0,3
39,16,oracle,bounce,0.4249178890249605,0.0,99.0,0.0,1.0,0.0,0.0,3
39,16,persistence,persistence,0.9958288991601048,0.06758036464452744,11.70179469224649,9.806835865064345,0.0,1.0,0.0,3
39,16,constant_velocity_bounce,constant_velocity_bounce,0.4249178890249605,0.0,99.0,0.0,1.0,0.0,0.0,3
39,64,raw_visual,persistence,0.9958288991601048,0.06758036464452744,11.70179469224649,9.806835865064345,0.0,1.0,0.0,3
39,64,motion_gate,noisy_bounce,0.437730343106679,0.021841000765562057,16.607274659213427,1.3624186838026342,1.1010592856975583,0.0,0.0,3
39,64,oracle,bounce,0.4249178890249605,0.0,99.0,0.0,1.0,0.0,0.0,3
39,64,persistence,persistence,0.9958288991601048,0.06758036464452744,11.70179469224649,9.806835865064345,0.0,1.0,0.0,3
39,64,constant_velocity_bounce,constant_velocity_bounce,0.4249178890249605,0.0,99.0,0.0,1.0,0.0,0.0,3
40,1,raw_visual,bounce,0.5165950177035357,0.0,99.0,0.0,1.0,0.0,0.0,3
40,1,motion_gate,bounce,0.5165950177035357,0.0,99.0,0.0,1.0,0.0,0.0,3
40,1,oracle,bounce,0.5165950177035357,0.0,99.0,0.0,1.0,0.0,0.0,3
40,1,persistence,persistence,0.9849853565059131,0.06598550826311111,11.805514337372614,10.510441634271748,0.0,1.0,0.0,3
40,1,constant_velocity_bounce,constant_velocity_bounce,0.5165950177035357,0.0,99.0,0.0,1.0,0.0,0.0,3
40,4,raw_visual,slow,0.8100276446727787,0.05766233801841736,12.391077523759824,9.538239949805586,0.27999999999999997,1.0,0.125,3
40,4,motion_gate,bounce,0.5165950177035357,0.0,99.0,0.0,1.0,0.0,0.0,3
40,4,oracle,bounce,0.5165950177035357,0.0,99.0,0.0,1.0,0.0,0.0,3
40,4,persistence,persistence,0.9849853565059131,0.06598550826311111,11.805514337372614,10.510441634271748,0.0,1.0,0.0,3
40,4,constant_velocity_bounce,constant_velocity_bounce,0.5165950177035357,0.0,99.0,0.0,1.0,0.0,0.0,3
40,16,raw_visual,persistence,0.9849853565059131,0.06598550826311111,11.805514337372614,10.510441634271748,0.0,1.0,0.0,3
40,16,motion_gate,bounce,0.5165950177035357,0.0,99.0,0.0,1.0,0.0,0.0,3
40,16,oracle,bounce,0.5165950177035357,0.0,99.0,0.0,1.0,0.0,0.0,3
40,16,persistence,persistence,0.9849853565059131,0.06598550826311111,11.805514337372614,10.510441634271748,0.0,1.0,0.0,3
40,16,constant_velocity_bounce,constant_velocity_bounce,0.5165950177035357,0.0,99.0,0.0,1.0,0.0,0.0,3
40,64,raw_visual,persistence,0.9849853565059131,0.06598550826311111,11.805514337372614,10.510441634271748,0.0,1.0,0.0,3
40,64,motion_gate,bounce,0.5165950177035357,0.0,99.0,0.0,1.0,0.0,0.0,3
40,64,oracle,bounce,0.5165950177035357,0.0,99.0,0.0,1.0,0.0,0.0,3
40,64,persistence,persistence,0.9849853565059131,0.06598550826311111,11.805514337372614,10.510441634271748,0.0,1.0,0.0,3
40,64,constant_velocity_bounce,constant_velocity_bounce,0.5165950177035357,0.0,99.0,0.0,1.0,0.0,0.0,3
41,1,raw_visual,persistence,1.0,0.047370508313179016,13.244919550139835,11.0514052991052,0.0,1.0,0.0,2
41,1,motion_gate,constant_velocity_bounce,0.49136110694856905,0.0,99.0,0.0,1.0,0.0,0.0,2
41,1,oracle,persistence,1.0,0.047370508313179016,13.244919550139835,11.0514052991052,0.0,1.0,0.0,2
41,1,persistence,persistence,1.0,0.047370508313179016,13.244919550139835,11.0514052991052,0.0,1.0,0.0,2
41,1,constant_velocity_bounce,constant_velocity_bounce,0.49136110694856905,0.0,99.0,0.0,1.0,0.0,0.0,2
41,4,raw_visual,persistence,1.0,0.047370508313179016,13.244919550139835,11.0514052991052,0.0,1.0,0.0,2
41,4,motion_gate,constant_velocity_bounce,0.49136110694856905,0.0,99.0,0.0,1.0,0.0,0.0,2
41,4,oracle,linear,0.43315778247877335,0.03630881756544113,14.399878941101253,17.61488833157499,1.0,0.0,0.5,2
41,4,persistence,persistence,1.0,0.047370508313179016,13.244919550139835,11.0514052991052,0.0,1.0,0.0,2
41,4,constant_velocity_bounce,constant_velocity_bounce,0.49136110694856905,0.0,99.0,0.0,1.0,0.0,0.0,2
41,16,raw_visual,persistence,1.0,0.047370508313179016,13.244919550139835,11.0514052991052,0.0,1.0,0.0,2
41,16,motion_gate,noisy_bounce,0.5162115252929148,0.01936212182044983,17.130470517580196,1.6816744933297236,1.3174485401094655,0.0,0.0,2
41,16,oracle,bounce,0.49136110694856905,0.0,99.0,0.0,1.0,0.0,0.0,2
41,16,persistence,persistence,1.0,0.047370508313179016,13.244919550139835,11.0514052991052,0.0,1.0,0.0,2
41,16,constant_velocity_bounce,constant_velocity_bounce,0.49136110694856905,0.0,99.0,0.0,1.0,0.0,0.0,2
41,64,raw_visual,persistence,1.0,0.047370508313179016,13.244919550139835,11.0514052991052,0.0,1.0,0.0,2
41,64,motion_gate,noisy_bounce,0.5599191300979279,0.023867253214120865,16.221975593171443,1.59888406944133,1.0067991833872236,0.0,0.0,2
41,64,oracle,bounce,0.49136110694856905,0.0,99.0,0.0,1.0,0.0,0.0,2
41,64,persistence,persistence,1.0,0.047370508313179016,13.244919550139835,11.0514052991052,0.0,1.0,0.0,2
41,64,constant_velocity_bounce,constant_velocity_bounce,0.49136110694856905,0.0,99.0,0.0,1.0,0.0,0.0,2
42,1,raw_visual,linear,0.35115305631037197,0.020371874794363976,16.90969001663537,3.6526875953030866,1.0000000000000002,0.0,0.225,3
42,1,motion_gate,constant_velocity_bounce,0.41784029387577104,0.0,99.0,0.0,1.0000000000000002,0.0,0.0,3
42,1,oracle,linear,0.35115305631037197,0.020371874794363976,16.90969001663537,3.6526875953030866,1.0000000000000002,0.0,0.225,3
42,1,persistence,persistence,0.9911241171785321,0.0669507086277008,11.742448219160275,15.237943975763324,0.0,1.0,0.0,3
42,1,constant_velocity_bounce,constant_velocity_bounce,0.41784029387577104,0.0,99.0,0.0,1.0000000000000002,0.0,0.0,3
42,4,raw_visual,slow,0.7404241602634783,0.06043342873454094,12.187227650391787,10.14785490120765,0.28,1.0,0.0,3
42,4,motion_gate,bounce,0.41784029387577104,0.0,99.0,0.0,1.0000000000000002,0.0,0.0,3
42,4,oracle,bounce,0.41784029387577104,0.0,99.0,0.0,1.0000000000000002,0.0,0.0,3
42,4,persistence,persistence,0.9911241171785321,0.0669507086277008,11.742448219160275,15.237943975763324,0.0,1.0,0.0,3
42,4,constant_velocity_bounce,constant_velocity_bounce,0.41784029387577104,0.0,99.0,0.0,1.0000000000000002,0.0,0.0,3
42,16,raw_visual,persistence,0.9911241171785321,0.0669507086277008,11.742448219160275,15.237943975763324,0.0,1.0,0.0,3
42,16,motion_gate,bounce,0.41784029387577104,0.0,99.0,0.0,1.0000000000000002,0.0,0.0,3
42,16,oracle,bounce,0.41784029387577104,0.0,99.0,0.0,1.0000000000000002,0.0,0.0,3
42,16,persistence,persistence,0.9911241171785321,0.0669507086277008,11.742448219160275,15.237943975763324,0.0,1.0,0.0,3
42,16,constant_velocity_bounce,constant_velocity_bounce,0.41784029387577104,0.0,99.0,0.0,1.0000000000000002,0.0,0.0,3
42,64,raw_visual,persistence,0.9911241171785321,0.0669507086277008,11.742448219160275,15.237943975763324,0.0,1.0,0.0,3
42,64,motion_gate,bounce,0.41784029387577104,0.0,99.0,0.0,1.0000000000000002,0.0,0.0,3
42,64,oracle,bounce,0.41784029387577104,0.0,99.0,0.0,1.0000000000000002,0.0,0.0,3
42,64,persistence,persistence,0.9911241171785321,0.0669507086277008,11.742448219160275,15.237943975763324,0.0,1.0,0.0,3
42,64,constant_velocity_bounce,constant_velocity_bounce,0.41784029387577104,0.0,99.0,0.0,1.0000000000000002,0.0,0.0,3
43,1,raw_visual,slow,0.6202884375999544,0.057362813502550125,12.41369555759598,14.754208215815916,0.27999999999999997,1.0,0.325,3
43,1,motion_gate,constant_velocity_bounce,0.41999998135024597,0.0,99.0,0.0,1.0,0.0,0.0,3
43,1,oracle,slow,0.6202884375999544,0.057362813502550125,12.41369555759598,14.754208215815916,0.27999999999999997,1.0,0.325,3
43,1,persistence,persistence,0.995652686375851,0.05878549814224243,12.307297972840189,13.007017904440016,0.0,1.0,0.0,3
43,1,constant_velocity_bounce,constant_velocity_bounce,0.41999998135024597,0.0,99.0,0.0,1.0,0.0,0.0,3
43,4,raw_visual,slow,0.6202884375999544,0.057362813502550125,12.41369555759598,14.754208215815916,0.27999999999999997,1.0,0.325,3
43,4,motion_gate,bounce,0.41999998135024597,0.0,99.0,0.0,1.0,0.0,0.0,3
43,4,oracle,bounce,0.41999998135024597,0.0,99.0,0.0,1.0,0.0,0.0,3
43,4,persistence,persistence,0.995652686375851,0.05878549814224243,12.307297972840189,13.007017904440016,0.0,1.0,0.0,3
43,4,constant_velocity_bounce,constant_velocity_bounce,0.41999998135024597,0.0,99.0,0.0,1.0,0.0,0.0,3
43,16,raw_visual,persistence,0.995652686375851,0.05878549814224243,12.307297972840189,13.007017904440016,0.0,1.0,0.0,3
43,16,motion_gate,bounce,0.41999998135024597,0.0,99.0,0.0,1.0,0.0,0.0,3
43,16,oracle,bounce,0.41999998135024597,0.0,99.0,0.0,1.0,0.0,0.0,3
43,16,persistence,persistence,0.995652686375851,0.05878549814224243,12.307297972840189,13.007017904440016,0.0,1.0,0.0,3
43,16,constant_velocity_bounce,constant_velocity_bounce,0.41999998135024597,0.0,99.0,0.0,1.0,0.0,0.0,3
43,64,raw_visual,persistence,0.995652686375851,0.05878549814224243,12.307297972840189,13.007017904440016,0.0,1.0,0.0,3
43,64,motion_gate,noisy_bounce,0.4355889699202098,0.02716359868645668,15.660126944011703,1.7259664675384294,1.185276339736841,0.0,0.0,3
43,64,oracle,bounce,0.41999998135024597,0.0,99.0,0.0,1.0,0.0,0.0,3
43,64,persistence,persistence,0.995652686375851,0.05878549814224243,12.307297972840189,13.007017904440016,0.0,1.0,0.0,3
43,64,constant_velocity_bounce,constant_velocity_bounce,0.41999998135024597,0.0,99.0,0.0,1.0,0.0,0.0,3
44,1,raw_visual,slow,0.7733618545917086,0.04980254918336868,13.027484269604413,8.082931174060407,0.28,1.0,0.0,4
44,1,motion_gate,constant_velocity_bounce,0.4156313871023578,0.0,99.0,0.0,1.0,0.0,0.0,4
44,1,oracle,slow,0.7733618545917086,0.04980254918336868,13.027484269604413,8.082931174060407,0.28,1.0,0.0,4
44,1,persistence,persistence,0.9953297970083765,0.048558931797742844,13.137308754634498,9.519958173957772,0.0,1.0,0.0,4
44,1,constant_velocity_bounce,constant_velocity_bounce,0.4156313871023578,0.0,99.0,0.0,1.0,0.0,0.0,4
44,4,raw_visual,persistence,0.9953297970083765,0.048558931797742844,13.137308754634498,9.519958173957772,0.0,1.0,0.0,4
44,4,motion_gate,constant_velocity_bounce,0.4156313871023578,0.0,99.0,0.0,1.0,0.0,0.0,4
44,4,oracle,persistence,0.9953297970083765,0.048558931797742844,13.137308754634498,9.519958173957772,0.0,1.0,0.0,4
44,4,persistence,persistence,0.9953297970083765,0.048558931797742844,13.137308754634498,9.519958173957772,0.0,1.0,0.0,4
44,4,constant_velocity_bounce,constant_velocity_bounce,0.4156313871023578,0.0,99.0,0.0,1.0,0.0,0.0,4
44,16,raw_visual,persistence,0.9953297970083765,0.048558931797742844,13.137308754634498,9.519958173957772,0.0,1.0,0.0,4
44,16,motion_gate,noisy_bounce,0.5083922326762368,0.021603744477033615,16.654709680725034,1.5794115447460975,1.0727177863996509,0.0,0.0,4
44,16,oracle,bounce,0.4156313871023578,0.0,99.0,0.0,1.0,0.0,0.0,4
44,16,persistence,persistence,0.9953297970083765,0.048558931797742844,13.137308754634498,9.519958173957772,0.0,1.0,0.0,4
44,16,constant_velocity_bounce,constant_velocity_bounce,0.4156313871023578,0.0,99.0,0.0,1.0,0.0,0.0,4
44,64,raw_visual,persistence,0.9953297970083765,0.048558931797742844,13.137308754634498,9.519958173957772,0.0,1.0,0.0,4
44,64,motion_gate,noisy_bounce,0.5083922326762368,0.021603744477033615,16.654709680725034,1.5794115447460975,1.0727177863996509,0.0,0.0,4
44,64,oracle,bounce,0.4156313871023578,0.0,99.0,0.0,1.0,0.0,0.0,4
44,64,persistence,persistence,0.9953297970083765,0.048558931797742844,13.137308754634498,9.519958173957772,0.0,1.0,0.0,4
44,64,constant_velocity_bounce,constant_velocity_bounce,0.4156313871023578,0.0,99.0,0.0,1.0,0.0,0.0,4
45,1,raw_visual,bounce,0.5210668484990231,0.0,99.0,0.0,1.0,0.0,0.0,1
45,1,motion_gate,bounce,0.5210668484990231,0.0,99.0,0.0,1.0,0.0,0.0,1
45,1,oracle,bounce,0.5210668484990231,0.0,99.0,0.0,1.0,0.0,0.0,1
45,1,persistence,persistence,0.9930018055212341,0.044260747730731964,13.53981253477269,14.04947655218363,0.0,1.0,0.0,1
45,1,constant_velocity_bounce,constant_velocity_bounce,0.5210668484990231,0.0,99.0,0.0,1.0,0.0,0.0,1
45,4,raw_visual,persistence,0.9930018055212341,0.044260747730731964,13.53981253477269,14.04947655218363,0.0,1.0,0.0,1
45,4,motion_gate,bounce,0.5210668484990231,0.0,99.0,0.0,1.0,0.0,0.0,1
45,4,oracle,bounce,0.5210668484990231,0.0,99.0,0.0,1.0,0.0,0.0,1
45,4,persistence,persistence,0.9930018055212341,0.044260747730731964,13.53981253477269,14.04947655218363,0.0,1.0,0.0,1
45,4,constant_velocity_bounce,constant_velocity_bounce,0.5210668484990231,0.0,99.0,0.0,1.0,0.0,0.0,1
45,16,raw_visual,persistence,0.9930018055212341,0.044260747730731964,13.53981253477269,14.04947655218363,0.0,1.0,0.0,1
45,16,motion_gate,noisy_bounce,0.5871882270664849,0.021158352494239807,16.74518151878644,1.998853851882109,1.2705517422054502,0.0,0.0,1
45,16,oracle,bounce,0.5210668484990231,0.0,99.0,0.0,1.0,0.0,0.0,1
45,16,persistence,persistence,0.9930018055212341,0.044260747730731964,13.53981253477269,14.04947655218363,0.0,1.0,0.0,1
45,16,constant_velocity_bounce,constant_velocity_bounce,0.5210668484990231,0.0,99.0,0.0,1.0,0.0,0.0,1
45,64,raw_visual,persistence,0.9930018055212341,0.044260747730731964,13.53981253477269,14.04947655218363,0.0,1.0,0.0,1
45,64,motion_gate,noisy_bounce,0.6152839564882722,0.017970483750104904,17.454402318964,1.6632106404680438,1.1261106204551155,0.0,0.0,1
45,64,oracle,bounce,0.5210668484990231,0.0,99.0,0.0,1.0,0.0,0.0,1
45,64,persistence,persistence,0.9930018055212341,0.044260747730731964,13.53981253477269,14.04947655218363,0.0,1.0,0.0,1
45,64,constant_velocity_bounce,constant_velocity_bounce,0.5210668484990231,0.0,99.0,0.0,1.0,0.0,0.0,1
46,1,raw_visual,slow,0.7752477682663319,0.049486272037029266,13.05515261782478,13.552536084787828,0.27999999999999986,1.0,0.125,2
46,1,motion_gate,constant_velocity_bounce,0.552519300777311,0.0,99.0,0.0,1.0,0.0,0.0,2
46,1,oracle,slow,0.7752477682663319,0.049486272037029266,13.05515261782478,13.552536084787828,0.27999999999999986,1.0,0.125,2
46,1,persistence,persistence,0.9933447001579204,0.04844536632299423,13.14747755797757,13.866812267480736,0.0,1.0,0.0,2
46,1,constant_velocity_bounce,constant_velocity_bounce,0.552519300777311,0.0,99.0,0.0,1.0,0.0,0.0,2
46,4,raw_visual,persistence,0.9933447001579204,0.04844536632299423,13.14747755797757,13.866812267480736,0.0,1.0,0.0,2
46,4,motion_gate,constant_velocity_bounce,0.552519300777311,0.0,99.0,0.0,1.0,0.0,0.0,2
46,4,oracle,linear,0.511245678596773,0.02236788533627987,16.503750722375493,13.52731406136255,1.0,0.0,0.3,2
46,4,persistence,persistence,0.9933447001579204,0.04844536632299423,13.14747755797757,13.866812267480736,0.0,1.0,0.0,2
46,4,constant_velocity_bounce,constant_velocity_bounce,0.552519300777311,0.0,99.0,0.0,1.0,0.0,0.0,2
46,16,raw_visual,persistence,0.9933447001579204,0.04844536632299423,13.14747755797757,13.866812267480736,0.0,1.0,0.0,2
46,16,motion_gate,bounce,0.552519300777311,0.0,99.0,0.0,1.0,0.0,0.0,2
46,16,oracle,bounce,0.552519300777311,0.0,99.0,0.0,1.0,0.0,0.0,2
46,16,persistence,persistence,0.9933447001579204,0.04844536632299423,13.14747755797757,13.866812267480736,0.0,1.0,0.0,2
46,16,constant_velocity_bounce,constant_velocity_bounce,0.552519300777311,0.0,99.0,0.0,1.0,0.0,0.0,2
46,64,raw_visual,persistence,0.9933447001579204,0.04844536632299423,13.14747755797757,13.866812267480736,0.0,1.0,0.0,2
46,64,motion_gate,bounce,0.552519300777311,0.0,99.0,0.0,1.0,0.0,0.0,2
46,64,oracle,bounce,0.552519300777311,0.0,99.0,0.0,1.0,0.0,0.0,2
46,64,persistence,persistence,0.9933447001579204,0.04844536632299423,13.14747755797757,13.866812267480736,0.0,1.0,0.0,2
46,64,constant_velocity_bounce,constant_velocity_bounce,0.552519300777311,0.0,99.0,0.0,1.0,0.0,0.0,2
47,1,raw_visual,slow,0.7032885244609287,0.0842166393995285,10.746020927585487,13.742154345656767,0.27999999999999997,1.0,0.225,2
47,1,motion_gate,constant_velocity_bounce,0.40750206552330936,0.0,99.0,0.0,1.0,0.0,0.0,2
47,1,oracle,slow,0.7032885244609287,0.0842166393995285,10.746020927585487,13.742154345656767,0.27999999999999997,1.0,0.225,2
47,1,persistence,persistence,0.9875020655233093,0.08812456578016281,10.549030099125314,13.646011033768877,0.0,1.0,0.0,2
47,1,constant_velocity_bounce,constant_velocity_bounce,0.40750206552330936,0.0,99.0,0.0,1.0,0.0,0.0,2
47,4,raw_visual,slow,0.7032885244609287,0.0842166393995285,10.746020927585487,13.742154345656767,0.27999999999999997,1.0,0.225,2
47,4,motion_gate,constant_velocity_bounce,0.40750206552330936,0.0,99.0,0.0,1.0,0.0,0.0,2
47,4,oracle,linear,0.4879899893721503,0.06421066075563431,11.923928609813503,19.32842712474619,1.0,0.0,0.45,2
47,4,persistence,persistence,0.9875020655233093,0.08812456578016281,10.549030099125314,13.646011033768877,0.0,1.0,0.0,2
47,4,constant_velocity_bounce,constant_velocity_bounce,0.40750206552330936,0.0,99.0,0.0,1.0,0.0,0.0,2
47,16,raw_visual,persistence,0.9875020655233093,0.08812456578016281,10.549030099125314,13.646011033768877,0.0,1.0,0.0,2
47,16,motion_gate,bounce,0.40750206552330936,0.0,99.0,0.0,1.0,0.0,0.0,2
47,16,oracle,bounce,0.40750206552330936,0.0,99.0,0.0,1.0,0.0,0.0,2
47,16,persistence,persistence,0.9875020655233093,0.08812456578016281,10.549030099125314,13.646011033768877,0.0,1.0,0.0,2
47,16,constant_velocity_bounce,constant_velocity_bounce,0.40750206552330936,0.0,99.0,0.0,1.0,0.0,0.0,2
47,64,raw_visual,persistence,0.9875020655233093,0.08812456578016281,10.549030099125314,13.646011033768877,0.0,1.0,0.0,2
47,64,motion_gate,bounce,0.40750206552330936,0.0,99.0,0.0,1.0,0.0,0.0,2
47,64,oracle,bounce,0.40750206552330936,0.0,99.0,0.0,1.0,0.0,0.0,2
47,64,persistence,persistence,0.9875020655233093,0.08812456578016281,10.549030099125314,13.646011033768877,0.0,1.0,0.0,2
47,64,constant_velocity_bounce,constant_velocity_bounce,0.40750206552330936,0.0,99.0,0.0,1.0,0.0,0.0,2
